Marca temporal,¿Cuál es tu edad?,¿Cuál es tu sexo?,¿Cuál es tu nivel de estudios?,"Regularmente, ¿Cuánto tiempo al día, pasas estudiando?",¿Con qué frecuencia escuchas música mientras estudias?,"Cuando estudias, ¿recuerdas mejor un tema si lo estudiaste con una canción específica?",La música te ayuda a sobrellevar materias que no te gustan,¿En qué tipo de materias te ayuda escuchar música?,Sientes menos ansiedad cuando escuchas música,Consideras que la música mejora tu rendimiento o te hace sentir más cómodo,"Cuando estudias, ¿escuchas música con o sin audífonos? ","Si no escuchas música al estudiar, qué prefieres escuchar:",¿Sueles cantar mientras estudias con música?,Sueles poner música mientras haces:,"La música que escuchas al estudiar, ¿es diferente a la que escuchas por ocio? ",¿Has dejado de estudiar por distraerte con la música? ,¿Qué buscas al poner música para estudiar? ,La música te ayuda más cuando el tema o materia es…,"Al día siguiente, recuerdas mejor lo que estudias si usaste música", ¿Te molesta que alguien más escuche música diferente cerca de ti mientras estudias? ,La música. ¿te ayuda a concentrarte más en tus tareas?,¿Qué nivel de volumen usas al estudiar con música?,Notas que al estudiar con música cambia tu rendimiento académico,¿En qué tipo de actividades te ayuda más la música?  ,¿Qué género escuchas principalmente al estudiar?,¿La música que escuchas tiene letra (voz)?,"En una escala del 1 al 5, ¿cuánto crees que la música mejora tu concentración?","En una escala del 1 al 5. Cuando estudias con música desde tu teléfono, ¿qué tan frecuente es que termines distrayéndote revisando notificaciones, redes sociales o mensajes?",En una escala del 1 al 5. ¿Estudiar con música usando audífonos te ayuda a aislarte del ruido del entorno?,"Cuando estudias fuera de casa, ¿qué prefieres para concentrarte?","Cuando escuchas música desde tu teléfono para estudiar, ¿usas alguna estrategia para evitar distracciones digitales?","Cuando estudias para un examen importante, ¿cambias el tipo de música o la forma en que la usas?",  ¿Cuál es tu criterio principal para elegir una playList o álbum antes de empezar a estudiar?  ,¿Cuánto tiempo dedicas a elegir la música antes de comenzar realmente a estudiar?,¿Cómo influye la música en tu percepción del paso del tiempo mientras estudias?,"Si una canción que te gusta mucho empieza a sonar, ¿Cuál es tu reacción inmediata?  ","¿Utilizas la música como una señal para ""entrar en modo estudio"" (es decir, como un ritual para empezar)?  "
4/21/2026 10:17:45,19-23 años,Femenino,Licenciatura,Más de 2 horas,Casi siempre,A veces,Si,Materias Teóricas,Sí,Me hace sentir más cómodo,Con audífonos,Conversaciones de fondo,Sí,Tareas difíciles,Si,Casi nunca,Motivación,Difícil,Si,No,Influye mucho,Medio,"Si, mejora","Ejercicios prácticos / Matemáticas / Programación, Redacción de textos","Música Clásica / Instrumental, Soundtracks (Videojuegos/Películas), Lo-Fi / Ambient, Pop / Urbano, Rock / Metal, Electrónica","Sí, en un idioma que no entiendo",4,3,5,Estudiar con música y audífonos,Activo el modo concentración / no molestar,"Si, elijo música más movida","Uso una lista aleatoria recomendada por la plataforma (Spotify, YouTube, etc.)",Menos de 5 minutos,Siento que el tiempo pasa más rápido.,"La escucho mientras sigo trabajando, pero con menor intensidad","Sí, ponerme los audífonos o la música es lo que le indica a mi cerebro que es hora de trabajar"
4/21/2026 10:24:53,24-28 años,Prefiero no decirlo,Primaria,Menos de 1 hora,Nunca,Si,Si,Materias Creativas,Sí,Mejora mi rendimiento,Con audífonos,Ruido blanco,Sí,Tareas difíciles,Si,Siempre,Calma,Fácil,Si,Si,No influye,Bajo,"Si, mejora",Lectura / Memorización,Música Clásica / Instrumental,"Sí, en un idioma que entiendo",1,1,1,Estudiar con música y audífonos,Activo el modo concentración / no molestar,"Sí, elijo música más tranquila o instrumental",Busco una que ya conozco para no distraerme con canciones nuevas,"Nada, uso siempre la misma lista predeterminada",Siento que el tiempo pasa más rápido.,"Me detengo a escucharla o cantarla, interrumpiendo el estudio.","Sí, ponerme los audífonos o la música es lo que le indica a mi cerebro que es hora de trabajar"
4/21/2026 10:34:34,24-28 años,Masculino,Licenciatura,Más de 2 horas,Casi siempre,A veces,Si,Materias Teóricas,Sí,Mejora mi rendimiento,Sin audífonos,Ruido blanco,No,Tareas repetitivas,Si,Casi nunca,Calma,Difícil,Si,Depende,Influye mucho,Medio,"Si, mejora",Lectura / Memorización,Música Clásica / Instrumental,"No, es puramente instrumental",5,5,3,Estudiar con música y audífonos,No uso ninguna estrategia,"Sí, elijo música más tranquila o instrumental","Uso una lista aleatoria recomendada por la plataforma (Spotify, YouTube, etc.)",Menos de 5 minutos,Siento que el tiempo pasa más rápido.,"La escucho mientras sigo trabajando, pero con menor intensidad","No, la pongo simplemente para que me acompañe una vez que ya empecé"
4/21/2026 10:34:52,24-28 años,Masculino,Licenciatura,De 1 a 2 horas,Casi siempre,A veces,Más o menos,"Materias Lógicas (Matemáticas, Física)",Sí,Me hace sentir más cómodo,Con audífonos,Silencio absoluto,Sí,Tareas difíciles,No,Algunas veces,Motivación,Media,No hay diferencia,No,Un poco,Medio,"Si, mejora","Lectura / Memorización, Ejercicios prácticos / Matemáticas / Programación","Música Clásica / Instrumental, Soundtracks (Videojuegos/Películas), Lo-Fi / Ambient, Pop / Urbano, Rock / Metal, Electrónica","Sí, en un idioma que no entiendo",4,3,4,Estudiar con música y audífonos,Activo el modo concentración / no molestar,"Sí, elijo música más tranquila o instrumental","Uso una lista aleatoria recomendada por la plataforma (Spotify, YouTube, etc.)",Menos de 5 minutos,Siento que el tiempo pasa más rápido.,"La escucho mientras sigo trabajando, pero con menor intensidad","No, la pongo simplemente para que me acompañe una vez que ya empecé"
4/21/2026 19:36:06,19-23 años,Femenino,Licenciatura,Más de 2 horas,Casi siempre,Si,Si,Materias Creativas,Sí,Me hace sentir más cómodo,Sin audífonos,Conversaciones de fondo,Sí,Tareas repetitivas,No,Casi siempre,Motivación,Fácil,Si,Si,Un poco,Alto,"Si, mejora","Ejercicios prácticos / Matemáticas / Programación, Diseño / Creatividad","Pop / Urbano, Rock / Metal","Sí, en un idioma que entiendo",3,1,5,Estudiar con música y audífonos,No uso ninguna estrategia,"Si, elijo música más movida","No uso playlists, elijo canciones una por una","Nada, uso siempre la misma lista predeterminada",Siento que el tiempo pasa más rápido.,"La escucho mientras sigo trabajando, pero con menor intensidad","Sí, ponerme los audífonos o la música es lo que le indica a mi cerebro que es hora de trabajar"
4/22/2026 11:39:11,19-23 años,Masculino,Licenciatura,Menos de 1 hora,Casi siempre,A veces,Si,Materias Creativas,Sí,Me hace sentir más cómodo,Con audífonos,Conversaciones de fondo,A veces,Tareas repetitivas,No,Casi nunca,Energía,Fácil,No hay diferencia,No,Un poco,Bajo,"Si, mejora","Ejercicios prácticos / Matemáticas / Programación, Diseño / Creatividad","Pop / Urbano, Rock / Metal","Sí, en un idioma que entiendo",4,5,4,Estudiar con música y audífonos,No uso ninguna estrategia,"No, escucho lo mismo que siempre",Busco música nueva para mantenerme motivado/a,Entre 5 y 15 minutos,No noto ninguna diferencia en mi percepción del tiempo.,"La escucho mientras sigo trabajando, pero con menor intensidad","No, la pongo simplemente para que me acompañe una vez que ya empecé"
4/22/2026 12:50:10,19-23 años,Masculino,Licenciatura,Menos de 1 hora,Casi siempre,A veces,Si,Materias Creativas,Sí,Me hace sentir más cómodo,Con audífonos,Ruido blanco,A veces,Tareas fáciles,A veces,Algunas veces,Energía,Fácil,Si,No,Un poco,Depende,"Si, mejora",Diseño / Creatividad,Pop / Urbano,"Sí, en un idioma que entiendo",4,5,3,"Escuchar ruido ambiente (personas, pasillos, etc.)",No uso ninguna estrategia,"No, escucho lo mismo que siempre",Busco una que ya conozco para no distraerme con canciones nuevas,Más de 15 minutos (a veces procrastino eligiendo la música),Siento que el tiempo pasa más rápido.,"La escucho mientras sigo trabajando, pero con menor intensidad","No, la pongo simplemente para que me acompañe una vez que ya empecé"
4/22/2026 13:30:38,19-23 años,Masculino,Licenciatura,De 1 a 2 horas,Casi siempre,No,Más o menos,Materias Prácticas,No,Me hace sentir más cómodo,Sin audífonos,No aplica,Sí,Tareas repetitivas,No,Casi nunca,Energía,Media,No,Depende,Un poco,Medio,No cambia,"Ejercicios prácticos / Matemáticas / Programación, Redacción de textos","Pop / Urbano, Electrónica","Sí, en un idioma que entiendo",4,2,3,Estudiar con música y audífonos,No uso ninguna estrategia,No uso música para exámenes,Busco una que ya conozco para no distraerme con canciones nuevas,Menos de 5 minutos,Siento que el tiempo pasa más rápido.,"La escucho mientras sigo trabajando, pero con menor intensidad","No, la pongo simplemente para que me acompañe una vez que ya empecé"
4/23/2026 22:24:57,19-23 años,Femenino,Bachillerato o equivalente,Más de 2 horas,Casi siempre,No,Si,Materias Creativas,Sí,Me hace sentir más cómodo,Sin audífonos,Silencio absoluto,A veces,Tareas fáciles,Si,Algunas veces,Calma,Fácil,No,No,Me distrae,Medio,No cambia,"Ejercicios prácticos / Matemáticas / Programación, Diseño / Creatividad",Pop / Urbano,"Sí, en un idioma que entiendo",3,5,3,Estudiar en silencio,No escucho música desde el teléfono al estudiar,No uso música para exámenes,"Uso una lista aleatoria recomendada por la plataforma (Spotify, YouTube, etc.)","Nada, uso siempre la misma lista predeterminada",Siento que el tiempo pasa más rápido.,"Me detengo a escucharla o cantarla, interrumpiendo el estudio.","No, la pongo simplemente para que me acompañe una vez que ya empecé"
4/26/2026 19:47:55,24-28 años,Masculino,Bachillerato o equivalente,Menos de 1 hora,A veces,A veces,Si,Materias Teóricas,Sí,Ambas,Sin audífonos,Silencio absoluto,Sí,Tareas difíciles,Si,Algunas veces,Motivación,Difícil,Si,Si,Influye mucho,Medio,"Si, mejora","Lectura / Memorización, Ejercicios prácticos / Matemáticas / Programación","Música Clásica / Instrumental, Soundtracks (Videojuegos/Películas), Electrónica","No, es puramente instrumental",5,4,4,Estudiar con música y audífonos,Desactivo datos o Wi-Fi,"Sí, elijo música más tranquila o instrumental",Busco una que ya conozco para no distraerme con canciones nuevas,Menos de 5 minutos,Siento que el tiempo pasa más rápido.,"Me detengo a escucharla o cantarla, interrumpiendo el estudio.","Sí, ponerme los audífonos o la música es lo que le indica a mi cerebro que es hora de trabajar"
4/27/2026 22:04:56,Menor de 18 años,Femenino,Secundaria,De 1 a 2 horas,Siempre,A veces,No,Materias Creativas,Sí,Mejora mi rendimiento,Sin audífonos,No aplica,Sí,Todo,No,Algunas veces,Energía,Fácil,No hay diferencia,Depende,Influye mucho,Alto,"Si, mejora",Ninguna,Todo,"Sí, en un idioma que no entiendo",4,3,1,Estudiar con música y audífonos,No uso ninguna estrategia,"Sí, dejo de usar música para concentrarme más",Busco música nueva para mantenerme motivado/a,Entre 5 y 15 minutos,No noto ninguna diferencia en mi percepción del tiempo.,"La escucho mientras sigo trabajando, pero con menor intensidad","A veces, solo cuando me cuesta mucho trabajo iniciar la tarea"
4/27/2026 22:08:23,24-28 años,Femenino,Licenciatura,Menos de 1 hora,Siempre,Si,Si,Materias Creativas,Sí,Ambas,Con audífonos,No aplica,Sí,Tareas fáciles,No,Algunas veces,Energía,Media,Si,No,Me distrae,Medio,"Si, mejora","Ejercicios prácticos / Matemáticas / Programación, Redacción de textos, Diseño / Creatividad",Kpop,"Sí, en un idioma que no entiendo",5,3,5,Estudiar con música y audífonos,No uso ninguna estrategia,"Sí, elijo música más tranquila o instrumental",Busco una que ya conozco para no distraerme con canciones nuevas,Menos de 5 minutos,Siento que el tiempo pasa más rápido.,"Me detengo a escucharla o cantarla, interrumpiendo el estudio.","Sí, ponerme los audífonos o la música es lo que le indica a mi cerebro que es hora de trabajar"
4/27/2026 22:10:13,Menor de 18 años,Femenino,Bachillerato o equivalente,Menos de 1 hora,Nunca,No,Si,Materias Prácticas,Sí,Ambas,Con audífonos,Silencio absoluto,No,Tareas repetitivas,No,Casi siempre,Energía,Fácil,No hay diferencia,Si,Me distrae,Bajo,No cambia,Diseño / Creatividad,"Música Clásica / Instrumental, Pop / Urbano","Sí, en un idioma que no entiendo",1,4,3,Estudiar en silencio,Activo el modo concentración / no molestar,No uso música para exámenes,Busco una que ya conozco para no distraerme con canciones nuevas,"Nada, uso siempre la misma lista predeterminada",No noto ninguna diferencia en mi percepción del tiempo.,"Me detengo a escucharla o cantarla, interrumpiendo el estudio.","No, la pongo simplemente para que me acompañe una vez que ya empecé"
4/27/2026 22:15:14,19-23 años,Femenino,Licenciatura,De 1 a 2 horas,A veces,No,Si,"Materias Lógicas (Matemáticas, Física)",Sí,Me hace sentir más cómodo,Con audífonos,No aplica,Sí,En cualquier tarea,No,Casi nunca,Motivación,Media,No hay diferencia,Depende,Un poco,Medio,"Si, mejora",Ejercicios prácticos / Matemáticas / Programación,Indie y alternativo ,"Sí, en un idioma que no entiendo",3,3,3,Estudiar con música y audífonos,No uso ninguna estrategia,"Sí, elijo música más tranquila o instrumental","Uso una lista aleatoria recomendada por la plataforma (Spotify, YouTube, etc.)","Nada, uso siempre la misma lista predeterminada",Siento que el tiempo pasa más rápido.,"La escucho mientras sigo trabajando, pero con menor intensidad","No, la pongo simplemente para que me acompañe una vez que ya empecé"
4/27/2026 22:16:32,Menor de 18 años,Femenino,Bachillerato o equivalente,Menos de 1 hora,A veces,A veces,Si,Materias Creativas,Sí,Mejora mi rendimiento,Con audífonos,"Ruido blanco, Silencio absoluto",Sí,Tareas fáciles,No,Algunas veces,Energía,Fácil,No hay diferencia,Si,Un poco,Medio,No cambia,"Ejercicios prácticos / Matemáticas / Programación, Diseño / Creatividad","Música Clásica / Instrumental, Soundtracks (Videojuegos/Películas), Pop / Urbano","Sí, en un idioma que no entiendo",3,5,5,Estudiar en silencio,No uso ninguna estrategia,"Sí, elijo música más tranquila o instrumental",Busco música nueva para mantenerme motivado/a,Más de 15 minutos (a veces procrastino eligiendo la música),Siento que el tiempo pasa más rápido.,"Me detengo a escucharla o cantarla, interrumpiendo el estudio.","No, la pongo simplemente para que me acompañe una vez que ya empecé"
4/27/2026 22:21:01,29-33 años,Femenino,Licenciatura,De 1 a 2 horas,Casi siempre,Si,Si,"Materias Lógicas (Matemáticas, Física)",Sí,Ambas,Con audífonos,No aplica,A veces,Tareas repetitivas,A veces,Nunca,Concentración,Media,Si,No,Influye mucho,Medio,"Si, mejora","Ejercicios prácticos / Matemáticas / Programación, Redacción de textos","Música Clásica / Instrumental, Kpop","Sí, en un idioma que no entiendo",5,3,5,Estudiar con música y audífonos,Uso aplicaciones para bloquear redes sociales,"Sí, elijo música más tranquila o instrumental",Busco una que ya conozco para no distraerme con canciones nuevas,Menos de 5 minutos,Siento que el tiempo pasa más lento.,"La escucho mientras sigo trabajando, pero con menor intensidad","Sí, ponerme los audífonos o la música es lo que le indica a mi cerebro que es hora de trabajar"
4/27/2026 22:41:15,24-28 años,Femenino,Bachillerato o equivalente,Más de 2 horas,Casi siempre,No,Si,Materias Teóricas,Tal vez,Me hace sentir más cómodo,Sin audífonos,Silencio absoluto,Sí,Tareas repetitivas,No,Casi nunca,Concentración,Media,No hay diferencia,Si,Un poco,Medio,"Si, mejora","Redacción de textos, Diseño / Creatividad","Pop / Urbano, Rock / Metal","Sí, en un idioma que entiendo",3,5,5,Estudiar con música y audífonos,Activo el modo concentración / no molestar,"No, escucho lo mismo que siempre",Busco una que ya conozco para no distraerme con canciones nuevas,"Nada, uso siempre la misma lista predeterminada",No noto ninguna diferencia en mi percepción del tiempo.,"La escucho mientras sigo trabajando, pero con menor intensidad","Sí, ponerme los audífonos o la música es lo que le indica a mi cerebro que es hora de trabajar"
4/27/2026 22:42:19,Menor de 18 años,Femenino,Bachillerato o equivalente,Más de 2 horas,Casi nunca,No,Si,Materias Creativas,Sí,Me hace sentir más cómodo,Con audífonos,Silencio absoluto,A veces,Tareas fáciles,A veces,Casi nunca,Motivación,Media,Si,Si,Un poco,Medio,No cambia,Diseño / Creatividad,"Música Clásica / Instrumental, Pop / Urbano","Sí, en un idioma que no entiendo",4,4,5,Estudiar en silencio,No uso ninguna estrategia,"No, escucho lo mismo que siempre","Uso una lista aleatoria recomendada por la plataforma (Spotify, YouTube, etc.)","Nada, uso siempre la misma lista predeterminada",Siento que el tiempo pasa más rápido.,"La escucho mientras sigo trabajando, pero con menor intensidad","A veces, solo cuando me cuesta mucho trabajo iniciar la tarea"
4/27/2026 22:48:11,19-23 años,Femenino,Licenciatura,Más de 2 horas,Casi nunca,No,No,Materias Creativas,Tal vez,Me hace sentir más cómodo,Sin audífonos,Silencio absoluto,No,No pongo música,No,Siempre,Energía,Fácil,No,Si,Me distrae,Depende,"Si, empeora",Diseño / Creatividad,"Música Clásica / Instrumental, Rock / Metal, K pop","Sí, en un idioma que no entiendo",1,5,3,Estudiar en silencio,No escucho música desde el teléfono al estudiar,No uso música para exámenes,"Uso una lista aleatoria recomendada por la plataforma (Spotify, YouTube, etc.)",Menos de 5 minutos,Siento que el tiempo pasa más rápido.,"Me detengo a escucharla o cantarla, interrumpiendo el estudio.","A veces, solo cuando me cuesta mucho trabajo iniciar la tarea"
4/27/2026 23:00:31,Menor de 18 años,Femenino,Bachillerato o equivalente,De 1 a 2 horas,Casi siempre,No,Más o menos,Materias Creativas,Sí,Me hace sentir más cómodo,Sin audífonos,Silencio absoluto,Sí,Tareas repetitivas,No,Algunas veces,Motivación,Media,No hay diferencia,Si,Un poco,Medio,"Si, mejora",Redacción de textos,Kpop,"Sí, en un idioma que no entiendo",3,4,5,Estudiar con música y audífonos,No uso ninguna estrategia,No uso música para exámenes,Busco una que ya conozco para no distraerme con canciones nuevas,"Nada, uso siempre la misma lista predeterminada",Siento que el tiempo pasa más rápido.,"La escucho mientras sigo trabajando, pero con menor intensidad","No, la pongo simplemente para que me acompañe una vez que ya empecé"
4/27/2026 23:16:51,19-23 años,Femenino,Licenciatura,Menos de 1 hora,Casi siempre,Si,Más o menos,Materias Prácticas,Sí,Me hace sentir más cómodo,Sin audífonos,Conversaciones de fondo,Sí,Tareas difíciles,No,Casi siempre,Evitar el silencio,Media,Si,No,Un poco,Depende,No cambia,"Ejercicios prácticos / Matemáticas / Programación, Diseño / Creatividad","Música Clásica / Instrumental, Soundtracks (Videojuegos/Películas), Pop / Urbano, Rock / Metal, Electrónica","Sí, en un idioma que entiendo",4,2,4,Estudiar con música y audífonos,No uso ninguna estrategia,"Sí, elijo música más tranquila o instrumental",Busco música nueva para mantenerme motivado/a,Menos de 5 minutos,Siento que el tiempo pasa más rápido.,"La escucho mientras sigo trabajando, pero con menor intensidad","No, la pongo simplemente para que me acompañe una vez que ya empecé"
4/27/2026 23:20:35,19-23 años,Femenino,Licenciatura,Menos de 1 hora,Casi siempre,A veces,Si,Materias Prácticas,Sí,Ambas,Con audífonos,No aplica,Sí,Las tres primeras,A veces,Algunas veces,Nada en específico ,Media,Si,Depende,Un poco,Medio,No cambia,"Lectura / Memorización, Redacción de textos, Diseño / Creatividad","Música Clásica / Instrumental, Rock / Metal, Electrónica, Kpop, cumbia, etc","Sí, en un idioma que no entiendo",3,3,3,Estudiar en silencio,No uso ninguna estrategia,"No, escucho lo mismo que siempre","Uso una lista aleatoria recomendada por la plataforma (Spotify, YouTube, etc.)",Menos de 5 minutos,No noto ninguna diferencia en mi percepción del tiempo.,"La escucho mientras sigo trabajando, pero con menor intensidad","No, la pongo simplemente para que me acompañe una vez que ya empecé"
4/28/2026 2:04:16,Menor de 18 años,Femenino,Bachillerato o equivalente,De 1 a 2 horas,Siempre,Si,Si,"Materias Lógicas (Matemáticas, Física)",Sí,Me hace sentir más cómodo,Con audífonos,Conversaciones de fondo,Sí,Tareas difíciles,No,Nunca,Concentración,Difícil,Si,No,Un poco,Medio,"Si, mejora","Ejercicios prácticos / Matemáticas / Programación, Diseño / Creatividad",K-pop,"Sí, en un idioma que entiendo",4,2,5,Estudiar con música y audífonos,Activo el modo concentración / no molestar,"No, escucho lo mismo que siempre","Uso una lista aleatoria recomendada por la plataforma (Spotify, YouTube, etc.)",Menos de 5 minutos,Siento que el tiempo pasa más rápido.,"La escucho mientras sigo trabajando, pero con menor intensidad","Sí, ponerme los audífonos o la música es lo que le indica a mi cerebro que es hora de trabajar"
4/28/2026 9:48:30,Menor de 18 años,Femenino,Secundaria,De 1 a 2 horas,Siempre,A veces,Si,Materias Teóricas,Sí,Me hace sentir más cómodo,Sin audífonos,No aplica,Sí,Tareas difíciles,A veces,Nunca,Motivación,Difícil,Si,No,Influye mucho,Alto,"Si, mejora",Diseño / Creatividad,"Pop / Urbano, ","Sí, en un idioma que no entiendo",5,1,5,Estudiar con música y audífonos,Activo el modo concentración / no molestar,No uso música para exámenes,Busco una que ya conozco para no distraerme con canciones nuevas,Menos de 5 minutos,Siento que el tiempo pasa más rápido.,"La escucho mientras sigo trabajando, pero con menor intensidad","A veces, solo cuando me cuesta mucho trabajo iniciar la tarea"
4/28/2026 9:59:00,24-28 años,Femenino,Licenciatura,Más de 2 horas,Casi siempre,Si,Si,Materias Teóricas,Sí,Ambas,Con audífonos,Conversaciones de fondo,Sí,"Todas las anteriores, y en la pregunta anterior.. Escucho música con y sin audífonos",No,Siempre,Todas las anteriores,Media,Si,Depende,Influye mucho,Depende,"Si, mejora","Lectura / Memorización, Ejercicios prácticos / Matemáticas / Programación, Redacción de textos, Diseño / Creatividad","Música Clásica / Instrumental, Soundtracks (Videojuegos/Películas), Pop / Urbano, Electrónica, Kpop","Sí, en un idioma que entiendo",5,4,5,Estudiar con música y audífonos,Desactivo datos o Wi-Fi,"No, escucho lo mismo que siempre","Uso una lista aleatoria recomendada por la plataforma (Spotify, YouTube, etc.)",Entre 5 y 15 minutos,Siento que el tiempo pasa más rápido.,"Me detengo a escucharla o cantarla, interrumpiendo el estudio.","Sí, ponerme los audífonos o la música es lo que le indica a mi cerebro que es hora de trabajar"
4/29/2026 14:03:38,19-23 años,Masculino,Licenciatura,Menos de 1 hora,Siempre,Si,Si,"Materias Lógicas (Matemáticas, Física)",Sí,Ambas,Con audífonos,No aplica,A veces,Todo ,No,Algunas veces,Solo mis gustos ,Difícil,No hay diferencia,No,Un poco,Depende,"Si, mejora","Lectura / Memorización, Ejercicios prácticos / Matemáticas / Programación, Redacción de textos, Diseño / Creatividad","Soundtracks (Videojuegos/Películas), Rock / Metal","Sí, en un idioma que no entiendo",5,3,5,Estudiar con música y audífonos,No uso ninguna estrategia,"No, escucho lo mismo que siempre",Busco una que ya conozco para no distraerme con canciones nuevas,Entre 5 y 15 minutos,Siento que el tiempo pasa más rápido.,"Me detengo a escucharla o cantarla, interrumpiendo el estudio.","No, la pongo simplemente para que me acompañe una vez que ya empecé"
4/29/2026 14:11:26,19-23 años,Masculino,Licenciatura,Más de 2 horas,A veces,A veces,Más o menos,Materias Creativas,No sé,Ambas,Sin audífonos,Conversaciones de fondo,No,Cuando ordeno mi cuarto,A veces,Algunas veces,Evitar el silencio,Media,No hay diferencia,Depende,Un poco,Medio,No cambia,Diseño / Creatividad,"Soundtracks (Videojuegos/Películas), Rock / Metal, Electrónica","Sí, en un idioma que no entiendo",3,5,2,Estudiar con música y audífonos,No escucho música desde el teléfono al estudiar,"No, escucho lo mismo que siempre",Busco una que ya conozco para no distraerme con canciones nuevas,Entre 5 y 15 minutos,Siento que el tiempo pasa más lento.,"Me detengo a escucharla o cantarla, interrumpiendo el estudio.","A veces, solo cuando me cuesta mucho trabajo iniciar la tarea"
4/29/2026 14:12:30,19-23 años,Femenino,Licenciatura,Más de 2 horas,Siempre,A veces,Si,Materias Creativas,Sí,Me hace sentir más cómodo,Con audífonos,Conversaciones de fondo,A veces,Tareas repetitivas,A veces,Algunas veces,Todas las anteriores,Media,No hay diferencia,Si,Influye mucho,Bajo,No cambia,"Ejercicios prácticos / Matemáticas / Programación, Diseño / Creatividad","Soundtracks (Videojuegos/Películas), Lo-Fi / Ambient, Electro Swing/ Jazz","Sí, en un idioma que no entiendo",4,3,5,Estudiar con música y audífonos,No escucho música desde el teléfono al estudiar,"Sí, elijo música más tranquila o instrumental","Uso una lista aleatoria recomendada por la plataforma (Spotify, YouTube, etc.)",Menos de 5 minutos,Siento que el tiempo pasa más rápido.,"La escucho mientras sigo trabajando, pero con menor intensidad","No, la pongo simplemente para que me acompañe una vez que ya empecé"
4/29/2026 15:17:36,19-23 años,Prefiero no decirlo,Bachillerato o equivalente,Menos de 1 hora,Casi nunca,No,No,Materias Creativas,Tal vez,Me hace sentir más cómodo,No escucho música,No aplica,A veces,Nada,No,Siempre,No aplica,Fácil,No hay diferencia,No,No influye,Depende,"Si, empeora","Diseño / Creatividad, Ninguna","Pop / Urbano, Rock / Metal","Sí, en un idioma que no entiendo",1,5,2,Estudiar en silencio,No escucho música desde el teléfono al estudiar,No uso música para exámenes,"No uso playlists, elijo canciones una por una",Entre 5 y 15 minutos,Siento que el tiempo pasa más lento.,"La escucho mientras sigo trabajando, pero con menor intensidad","No, la pongo simplemente para que me acompañe una vez que ya empecé"
4/29/2026 19:07:37,19-23 años,Masculino,Licenciatura,De 1 a 2 horas,Casi siempre,No,Si,Materias Creativas,Sí,Ambas,Con audífonos,No aplica,Sí,Tareas fáciles,No,Algunas veces,Motivación,Media,No hay diferencia,No,Un poco,Alto,"Si, mejora",Diseño / Creatividad,"Música Clásica / Instrumental, Soundtracks (Videojuegos/Películas), Lo-Fi / Ambient, Pop / Urbano, Rock / Metal, Electrónica","Sí, en un idioma que entiendo",4,2,4,Estudiar con música y audífonos,Activo el modo concentración / no molestar,"No, escucho lo mismo que siempre","Uso una lista aleatoria recomendada por la plataforma (Spotify, YouTube, etc.)",Menos de 5 minutos,Siento que el tiempo pasa más rápido.,"La escucho mientras sigo trabajando, pero con menor intensidad","No, la pongo simplemente para que me acompañe una vez que ya empecé"
5/7/2026 7:21:55,Menor de 18 años,Femenino,Bachillerato o equivalente,De 1 a 2 horas,Casi siempre,A veces,Si,Materias Creativas,Sí,Me hace sentir más cómodo,Con audífonos,No aplica,Sí,Tareas repetitivas,A veces,Algunas veces,Calma,Fácil,No hay diferencia,Si,Un poco,Medio,No cambia,Diseño / Creatividad,Pop / Urbano,"Sí, en un idioma que entiendo",5,5,5,Estudiar con música y audífonos,No uso ninguna estrategia,No uso música para exámenes,Busco una que ya conozco para no distraerme con canciones nuevas,Más de 15 minutos (a veces procrastino eligiendo la música),Siento que el tiempo pasa más rápido.,"La escucho mientras sigo trabajando, pero con menor intensidad","No, la pongo simplemente para que me acompañe una vez que ya empecé"
5/7/2026 7:28:39,Menor de 18 años,Femenino,Bachillerato o equivalente,De 1 a 2 horas,Siempre,A veces,Más o menos,"Materias Lógicas (Matemáticas, Física)",Sí,Me hace sentir más cómodo,Sin audífonos,Conversaciones de fondo,A veces,Tareas repetitivas,A veces,Algunas veces,Evitar el silencio,Media,No hay diferencia,Si,Influye mucho,Medio,"Si, mejora","Lectura / Memorización, Ejercicios prácticos / Matemáticas / Programación, Redacción de textos, Diseño / Creatividad","Música Clásica / Instrumental, Lo-Fi / Ambient, Pop / Urbano, Rock / Metal","Sí, en un idioma que no entiendo",4,3,3,Estudiar con música y audífonos,No escucho música desde el teléfono al estudiar,"Sí, elijo música más tranquila o instrumental",Busco una que ya conozco para no distraerme con canciones nuevas,Menos de 5 minutos,Siento que el tiempo pasa más rápido.,"Me detengo a escucharla o cantarla, interrumpiendo el estudio.","A veces, solo cuando me cuesta mucho trabajo iniciar la tarea"
5/7/2026 7:31:21,19-23 años,Masculino,Bachillerato o equivalente,Menos de 1 hora,Siempre,Si,Si,"Materias Lógicas (Matemáticas, Física)",Sí,Mejora mi rendimiento,Con audífonos,Conversaciones de fondo,No,Tareas difíciles,Si,Algunas veces,Energía,Difícil,No hay diferencia,No,Un poco,Medio,"Si, mejora","Ejercicios prácticos / Matemáticas / Programación, Redacción de textos","Música Clásica / Instrumental, Soundtracks (Videojuegos/Películas), Electrónica","No, es puramente instrumental",4,4,5,"Escuchar ruido ambiente (personas, pasillos, etc.)",No uso ninguna estrategia,No uso música para exámenes,Busco una que ya conozco para no distraerme con canciones nuevas,Entre 5 y 15 minutos,Siento que el tiempo pasa más rápido.,"La escucho mientras sigo trabajando, pero con menor intensidad","No, la pongo simplemente para que me acompañe una vez que ya empecé"
5/7/2026 7:55:47,Menor de 18 años,Masculino,Bachillerato o equivalente,De 1 a 2 horas,A veces,A veces,Más o menos,Materias Teóricas,Tal vez,Me hace sentir más cómodo,Sin audífonos,No aplica,A veces,Tareas repetitivas,No,Algunas veces,Motivación,Media,No hay diferencia,Depende,Un poco,Alto,No cambia,Ejercicios prácticos / Matemáticas / Programación,"Pop / Urbano, Rock / Metal","Sí, en un idioma que entiendo",3,2,5,Estudiar con música y audífonos,Activo el modo concentración / no molestar,No uso música para exámenes,Busco una que ya conozco para no distraerme con canciones nuevas,"Nada, uso siempre la misma lista predeterminada",Siento que el tiempo pasa más rápido.,"Me detengo a escucharla o cantarla, interrumpiendo el estudio.","No, la pongo simplemente para que me acompañe una vez que ya empecé"
5/7/2026 8:20:00,Menor de 18 años,Femenino,Bachillerato o equivalente,Más de 2 horas,A veces,Si,Si,Materias Creativas,Sí,Ambas,Con audífonos,Silencio absoluto,No,Tareas repetitivas,A veces,Nunca,Motivación,Media,Si,No,Un poco,Bajo,"Si, mejora",Diseño / Creatividad,Rap Mexicano ,"Sí, en un idioma que entiendo",5,1,5,Estudiar con música y audífonos,Activo el modo concentración / no molestar,"No, escucho lo mismo que siempre","Uso una lista aleatoria recomendada por la plataforma (Spotify, YouTube, etc.)","Nada, uso siempre la misma lista predeterminada",Siento que el tiempo pasa más rápido.,"La escucho mientras sigo trabajando, pero con menor intensidad","No, la pongo simplemente para que me acompañe una vez que ya empecé"
5/7/2026 8:23:38,Menor de 18 años,Femenino,Bachillerato o equivalente,Más de 2 horas,Casi siempre,A veces,Si,"Materias Lógicas (Matemáticas, Física)",Sí,Ambas,Sin audífonos,Silencio absoluto,Sí,Tareas difíciles,No,Algunas veces,Motivación,Media,No,Si,Un poco,Depende,"Si, mejora",Ejercicios prácticos / Matemáticas / Programación,Rock / Metal,"Sí, en un idioma que entiendo",4,3,4,Estudiar con música y audífonos,No uso ninguna estrategia,"No, escucho lo mismo que siempre","No uso playlists, elijo canciones una por una","Nada, uso siempre la misma lista predeterminada",Siento que el tiempo pasa más rápido.,"Me detengo a escucharla o cantarla, interrumpiendo el estudio.","No, la pongo simplemente para que me acompañe una vez que ya empecé"
5/7/2026 8:26:44,Menor de 18 años,Femenino,Bachillerato o equivalente,Más de 2 horas,Siempre,A veces,Si,Materias Prácticas,Sí,Me hace sentir más cómodo,Sin audífonos,Silencio absoluto,A veces,Tareas repetitivas,A veces,Algunas veces,Energía,Media,Si,Depende,Un poco,Alto,"Si, mejora",Ejercicios prácticos / Matemáticas / Programación,corridos ,"Sí, en un idioma que entiendo",4,4,5,Estudiar con música y audífonos,Desactivo datos o Wi-Fi,No uso música para exámenes,Busco una que ya conozco para no distraerme con canciones nuevas,Menos de 5 minutos,Siento que el tiempo pasa más rápido.,"Me detengo a escucharla o cantarla, interrumpiendo el estudio.","No, la pongo simplemente para que me acompañe una vez que ya empecé"
5/7/2026 11:13:53,19-23 años,Femenino,Licenciatura,Más de 2 horas,Siempre,Si,Si,Materias Prácticas,Sí,Mejora mi rendimiento,Sin audífonos,Ruido blanco,No,Tareas difíciles,No,Casi nunca,Energía,Difícil,Si,Si,Un poco,Bajo,"Si, mejora",Ejercicios prácticos / Matemáticas / Programación,"Música Clásica / Instrumental, Soundtracks (Videojuegos/Películas), Ruido Blanco (White Noise)","Sí, en un idioma que entiendo",5,1,5,Estudiar en silencio,Uso aplicaciones para bloquear redes sociales,"No, escucho lo mismo que siempre",Busco una que ya conozco para no distraerme con canciones nuevas,"Nada, uso siempre la misma lista predeterminada",Siento que el tiempo pasa más rápido.,"La escucho mientras sigo trabajando, pero con menor intensidad","Sí, ponerme los audífonos o la música es lo que le indica a mi cerebro que es hora de trabajar"
5/7/2026 11:24:19,Menor de 18 años,No binario,Posgrado,Menos de 1 hora,Siempre,No,No sé,"Materias Lógicas (Matemáticas, Física)",No sé,Ninguna,No escucho música,"Ruido blanco, Conversaciones de fondo, Silencio absoluto, No aplica",No,Sexito,A veces,Siempre,Mommy Masoquista ASMR,Difícil,No hay diferencia,Depende,Me distrae,Alto,"Si, empeora","Lectura / Memorización, Ejercicios prácticos / Matemáticas / Programación, Redacción de textos, Diseño / Creatividad, Ninguna",Gemidos ASMR,"Sí, en un idioma que no entiendo",1,5,1,Sexito,No escucho música desde el teléfono al estudiar,"Si, elijo música más movida","No uso playlists, elijo canciones una por una",Más de 15 minutos (a veces procrastino eligiendo la música),No noto ninguna diferencia en mi percepción del tiempo.,"Me detengo a escucharla o cantarla, interrumpiendo el estudio.","No, la pongo simplemente para que me acompañe una vez que ya empecé"
5/7/2026 15:37:50,Menor de 18 años,Femenino,Bachillerato o equivalente,Menos de 1 hora,Siempre,No,No sé,Materias Creativas,Sí,Me hace sentir más cómodo,Con audífonos,No aplica,A veces,Tareas fáciles,A veces,Siempre,Energía,Fácil,No,Depende,Me distrae,Alto,"Si, empeora",Diseño / Creatividad,Pop / Urbano,"Sí, en un idioma que no entiendo",1,5,5,Estudiar en silencio,Desactivo datos o Wi-Fi,"No, escucho lo mismo que siempre","Uso una lista aleatoria recomendada por la plataforma (Spotify, YouTube, etc.)","Nada, uso siempre la misma lista predeterminada",Siento que el tiempo pasa más lento.,"Me detengo a escucharla o cantarla, interrumpiendo el estudio.","No, la pongo simplemente para que me acompañe una vez que ya empecé"
5/7/2026 17:06:26,Menor de 18 años,Femenino,Secundaria,De 1 a 2 horas,Casi siempre,Si,Si,"Materias Lógicas (Matemáticas, Física)",Sí,Ambas,Con audífonos,"Ruido blanco, Conversaciones de fondo",A veces,tareas dificilas y repetitivas aunque me estoy acostumbrando a las dificiles y escucho ña misma cancion o musica repetitiva para no distraerme ,A veces,Algunas veces,Concentración,Difícil,Si,Depende,Influye mucho,Bajo,No cambia,"Lectura / Memorización, Ejercicios prácticos / Matemáticas / Programación, Redacción de textos, Diseño / Creatividad","Música Clásica / Instrumental, Soundtracks (Videojuegos/Películas), Rock / Metal, Electrónica, Poonk repetitivo","Sí, en un idioma que no entiendo",4,1,5,Estudiar con música y audífonos,No uso ninguna estrategia,"No, escucho lo mismo que siempre",Busco una que ya conozco para no distraerme con canciones nuevas,Menos de 5 minutos,Siento que el tiempo pasa más lento.,"La escucho mientras sigo trabajando, pero con menor intensidad","No, la pongo simplemente para que me acompañe una vez que ya empecé"
5/7/2026 17:26:01,Menor de 18 años,Masculino,Secundaria,Menos de 1 hora,Siempre,A veces,No,"Materias Lógicas (Matemáticas, Física)",Sí,Mejora mi rendimiento,Con audífonos,"Ruido blanco, Conversaciones de fondo",A veces,Tareas difíciles,Si,Nunca,Motivación,Difícil,No hay diferencia,No,Influye mucho,Medio,"Si, mejora","Lectura / Memorización, Ejercicios prácticos / Matemáticas / Programación, Redacción de textos, Diseño / Creatividad","Música Clásica / Instrumental, Soundtracks (Videojuegos/Películas), Ruido Blanco (White Noise), Lo-Fi / Ambient, Pop / Urbano, Rock / Metal, Electrónica","Sí, en un idioma que no entiendo",5,1,5,"Escuchar ruido ambiente (personas, pasillos, etc.)",Activo el modo concentración / no molestar,No uso música para exámenes,Busco música nueva para mantenerme motivado/a,Entre 5 y 15 minutos,Siento que el tiempo pasa más rápido.,"La escucho mientras sigo trabajando, pero con menor intensidad","No, la pongo simplemente para que me acompañe una vez que ya empecé"
5/7/2026 18:12:14,Menor de 18 años,Masculino,Secundaria,Menos de 1 hora,Casi siempre,Si,Si,"Materias Lógicas (Matemáticas, Física)",Sí,Me hace sentir más cómodo,Con audífonos,No aplica,A veces,Tareas difíciles,A veces,Algunas veces,Energía,Media,Si,Si,Un poco,Depende,"Si, mejora",Ejercicios prácticos / Matemáticas / Programación,Pop / Urbano,"Sí, en un idioma que entiendo",4,2,3,Estudiar con música y audífonos,Activo el modo concentración / no molestar,"Si, elijo música más movida",Busco música nueva para mantenerme motivado/a,Menos de 5 minutos,Siento que el tiempo pasa más rápido.,"La escucho mientras sigo trabajando, pero con menor intensidad","Sí, ponerme los audífonos o la música es lo que le indica a mi cerebro que es hora de trabajar"
5/7/2026 20:16:53,Menor de 18 años,Masculino,Secundaria,Más de 2 horas,Siempre,Si,Si,Materias Teóricas,Sí,Mejora mi rendimiento,Con audífonos,Silencio absoluto,Sí,Tareas difíciles,No,Nunca,Energía,Difícil,Si,Depende,Influye mucho,Depende,"Si, mejora","Lectura / Memorización, Ejercicios prácticos / Matemáticas / Programación, Redacción de textos, Diseño / Creatividad","Música Clásica / Instrumental, Pop / Urbano, Rock / Metal, Electrónica","Sí, en un idioma que entiendo",5,1,5,Estudiar con música y audífonos,Uso aplicaciones para bloquear redes sociales,"No, escucho lo mismo que siempre",Busco una que ya conozco para no distraerme con canciones nuevas,"Nada, uso siempre la misma lista predeterminada",Siento que el tiempo pasa más rápido.,La ignoro y mantengo la concentración en la tarea,"Sí, ponerme los audífonos o la música es lo que le indica a mi cerebro que es hora de trabajar"
5/10/2026 22:58:21,Menor de 18 años,Masculino,Licenciatura,Menos de 1 hora,Siempre,Si,Si,Materias Creativas,Tal vez,Mejora mi rendimiento,Con audífonos,"Ruido blanco, Silencio absoluto",No,Tareas fáciles,Si,Siempre,Motivación,Difícil,Si,Si,Me distrae,Medio,"Si, mejora","Ejercicios prácticos / Matemáticas / Programación, Redacción de textos","Música Clásica / Instrumental, Soundtracks (Videojuegos/Películas), Lo-Fi / Ambient, Rock / Metal","Sí, en un idioma que entiendo",4,4,4,Estudiar en silencio,Desactivo datos o Wi-Fi,"Si, elijo música más movida",Busco una que ya conozco para no distraerme con canciones nuevas,"Nada, uso siempre la misma lista predeterminada",Siento que el tiempo pasa más rápido.,"La escucho mientras sigo trabajando, pero con menor intensidad","Sí, ponerme los audífonos o la música es lo que le indica a mi cerebro que es hora de trabajar"
5/10/2026 23:01:21,19-23 años,Femenino,Licenciatura,De 1 a 2 horas,Casi siempre,Si,Si,Materias Prácticas,Tal vez,Mejora mi rendimiento,Sin audífonos,No aplica,Sí,Tareas fáciles,Si,Casi nunca,Evitar el silencio,Fácil,No hay diferencia,No,Un poco,Medio,"Si, mejora","Lectura / Memorización, Diseño / Creatividad","Música Clásica / Instrumental, Soundtracks (Videojuegos/Películas), Ruido Blanco (White Noise), Lo-Fi / Ambient","Sí, en un idioma que entiendo",3,3,3,Estudiar con música y audífonos,No uso ninguna estrategia,"Sí, dejo de usar música para concentrarme más","Uso una lista aleatoria recomendada por la plataforma (Spotify, YouTube, etc.)",Menos de 5 minutos,No noto ninguna diferencia en mi percepción del tiempo.,"Me detengo a escucharla o cantarla, interrumpiendo el estudio.","A veces, solo cuando me cuesta mucho trabajo iniciar la tarea"
5/10/2026 23:07:04,19-23 años,Masculino,Licenciatura,Menos de 1 hora,Casi nunca,No,No,Materias Creativas,No,Mejora mi rendimiento,No escucho música,Silencio absoluto,Sí,Tareas fáciles,Si,Siempre,Motivación,Fácil,No hay diferencia,Si,No influye,Bajo,No cambia,Diseño / Creatividad,Ruido Blanco (White Noise),"No, es puramente instrumental",4,4,4,Estudiar en silencio,No uso ninguna estrategia,No uso música para exámenes,Busco una que ya conozco para no distraerme con canciones nuevas,"Nada, uso siempre la misma lista predeterminada",No noto ninguna diferencia en mi percepción del tiempo.,La ignoro y mantengo la concentración en la tarea,"A veces, solo cuando me cuesta mucho trabajo iniciar la tarea"
5/10/2026 23:12:49,24-28 años,Masculino,Licenciatura,Más de 2 horas,A veces,Si,Si,"Materias Lógicas (Matemáticas, Física)",Tal vez,Ambas,Con audífonos,No aplica,A veces,Tareas difíciles,Si,Algunas veces,Motivación,Difícil,Si,Si,Me distrae,Alto,"Si, mejora","Lectura / Memorización, Ejercicios prácticos / Matemáticas / Programación","Música Clásica / Instrumental, Lo-Fi / Ambient, Pop / Urbano","Sí, en un idioma que entiendo",3,4,4,"Escuchar ruido ambiente (personas, pasillos, etc.)",Uso aplicaciones para bloquear redes sociales,"Sí, elijo música más tranquila o instrumental","Uso una lista aleatoria recomendada por la plataforma (Spotify, YouTube, etc.)","Nada, uso siempre la misma lista predeterminada",Siento que el tiempo pasa más lento.,"Me detengo a escucharla o cantarla, interrumpiendo el estudio.","Sí, ponerme los audífonos o la música es lo que le indica a mi cerebro que es hora de trabajar"
5/10/2026 23:12:50,19-23 años,Masculino,Licenciatura,De 1 a 2 horas,Siempre,Si,Más o menos,Materias Creativas,Sí,Ambas,Sin audífonos,No aplica,Sí,Tareas repetitivas,A veces,Casi nunca,Energía,Fácil,No hay diferencia,Si,No influye,Alto,"Si, mejora","Lectura / Memorización, Diseño / Creatividad","Música Clásica / Instrumental, Soundtracks (Videojuegos/Películas), Pop / Urbano, Rock / Metal, Electrónica","Sí, en un idioma que entiendo",3,2,3,Estudiar con música y audífonos,No escucho música desde el teléfono al estudiar,"Sí, dejo de usar música para concentrarme más",Busco una que ya conozco para no distraerme con canciones nuevas,"Nada, uso siempre la misma lista predeterminada",Siento que el tiempo pasa más rápido.,"Me detengo a escucharla o cantarla, interrumpiendo el estudio.","No, la pongo simplemente para que me acompañe una vez que ya empecé"
5/10/2026 23:22:07,19-23 años,Masculino,Licenciatura,Menos de 1 hora,Casi siempre,A veces,Si,Materias Prácticas,Sí,Me hace sentir más cómodo,Con audífonos,No aplica,No,Tareas difíciles,No,Algunas veces,Motivación,Media,No hay diferencia,Si,Influye mucho,Medio,"Si, mejora","Lectura / Memorización, Diseño / Creatividad","Música Clásica / Instrumental, Lo-Fi / Ambient, Pop / Urbano","Sí, en un idioma que entiendo",4,2,5,Estudiar con música y audífonos,Desactivo datos o Wi-Fi,"Sí, elijo música más tranquila o instrumental",Busco una que ya conozco para no distraerme con canciones nuevas,"Nada, uso siempre la misma lista predeterminada",Siento que el tiempo pasa más rápido.,La ignoro y mantengo la concentración en la tarea,"No, la pongo simplemente para que me acompañe una vez que ya empecé"
5/10/2026 23:22:08,19-23 años,Masculino,Licenciatura,De 1 a 2 horas,Siempre,No,Más o menos,Materias Creativas,No,Ambas,Con audífonos,No aplica,A veces,Tareas repetitivas,A veces,Casi nunca,Concentración,Media,No,Si,Un poco,Bajo,No cambia,"Ejercicios prácticos / Matemáticas / Programación, Diseño / Creatividad","Soundtracks (Videojuegos/Películas), Pop / Urbano","Sí, en un idioma que no entiendo",5,4,4,Estudiar con música y audífonos,Desactivo datos o Wi-Fi,"Sí, elijo música más tranquila o instrumental","Uso una lista aleatoria recomendada por la plataforma (Spotify, YouTube, etc.)","Nada, uso siempre la misma lista predeterminada",Siento que el tiempo pasa más rápido.,"La escucho mientras sigo trabajando, pero con menor intensidad","No, la pongo simplemente para que me acompañe una vez que ya empecé"
5/10/2026 23:27:36,19-23 años,Masculino,Licenciatura,Más de 2 horas,Siempre,A veces,Más o menos,"Materias Lógicas (Matemáticas, Física)",Tal vez,Ambas,Con audífonos,Ruido blanco,No,Tareas difíciles,No,Algunas veces,Motivación,Fácil,No hay diferencia,No,Influye mucho,Medio,No cambia,"Lectura / Memorización, Diseño / Creatividad","Música Clásica / Instrumental, Soundtracks (Videojuegos/Películas), Pop / Urbano","Sí, en un idioma que no entiendo",4,4,5,Estudiar con música y audífonos,No uso ninguna estrategia,"No, escucho lo mismo que siempre",Busco una que ya conozco para no distraerme con canciones nuevas,Menos de 5 minutos,No noto ninguna diferencia en mi percepción del tiempo.,La ignoro y mantengo la concentración en la tarea,"No, la pongo simplemente para que me acompañe una vez que ya empecé"
5/10/2026 23:27:37,24-28 años,Femenino,Licenciatura,De 1 a 2 horas,Casi siempre,No,Si,Materias Creativas,Sí,Me hace sentir más cómodo,Con audífonos,"Ruido blanco, Conversaciones de fondo",A veces,Tareas fáciles,No,Casi nunca,Concentración,Difícil,No hay diferencia,Depende,Un poco,Alto,"Si, mejora","Ejercicios prácticos / Matemáticas / Programación, Diseño / Creatividad","Ruido Blanco (White Noise), Electrónica","Sí, en un idioma que no entiendo",3,5,3,"Escuchar ruido ambiente (personas, pasillos, etc.)",No uso ninguna estrategia,"No, escucho lo mismo que siempre",Busco una que ya conozco para no distraerme con canciones nuevas,"Nada, uso siempre la misma lista predeterminada",Siento que el tiempo pasa más rápido.,La cambio porque sé que me va a distraer,"A veces, solo cuando me cuesta mucho trabajo iniciar la tarea"
5/10/2026 23:34:05,19-23 años,Masculino,Licenciatura,De 1 a 2 horas,Siempre,A veces,Si,"Materias Lógicas (Matemáticas, Física)",Sí,Me hace sentir más cómodo,Con audífonos,No aplica,A veces,Tareas difíciles,Si,Algunas veces,Calma,Difícil,No hay diferencia,Si,Influye mucho,Alto,"Si, mejora",Ejercicios prácticos / Matemáticas / Programación,"Soundtracks (Videojuegos/Películas), Pop / Urbano, Rock / Metal","Sí, en un idioma que no entiendo",4,5,4,Estudiar con música y audífonos,No uso ninguna estrategia,"No, escucho lo mismo que siempre","Uso una lista aleatoria recomendada por la plataforma (Spotify, YouTube, etc.)",Menos de 5 minutos,Siento que el tiempo pasa más rápido.,La ignoro y mantengo la concentración en la tarea,"No, la pongo simplemente para que me acompañe una vez que ya empecé"
5/10/2026 23:34:15,19-23 años,Masculino,Licenciatura,De 1 a 2 horas,Casi siempre,Si,Si,Materias Prácticas,Sí,Me hace sentir más cómodo,Con audífonos,Conversaciones de fondo,Sí,Tareas repetitivas,Si,Casi nunca,Concentración,Media,Si,No,Influye mucho,Alto,"Si, mejora","Lectura / Memorización, Ejercicios prácticos / Matemáticas / Programación","Soundtracks (Videojuegos/Películas), Lo-Fi / Ambient, Pop / Urbano, Electrónica","Sí, en un idioma que no entiendo",5,4,4,Estudiar con música y audífonos,No uso ninguna estrategia,"No, escucho lo mismo que siempre",Busco una que ya conozco para no distraerme con canciones nuevas,"Nada, uso siempre la misma lista predeterminada",No noto ninguna diferencia en mi percepción del tiempo.,La cambio porque sé que me va a distraer,"No, la pongo simplemente para que me acompañe una vez que ya empecé"
5/11/2026 22:52:33,Mayores de 34 años,Femenino,Licenciatura,Menos de 1 hora,A veces,No,Si,Materias Teóricas,Sí,Mejora mi rendimiento,Con audífonos,Silencio absoluto,Sí,No pongo música,Si,Casi nunca,Motivación,Media,Si,No,Un poco,Bajo,"Si, mejora",Lectura / Memorización,Pop / Urbano,"Sí, en un idioma que entiendo",3,3,5,Estudiar con música y audífonos,Activo el modo concentración / no molestar,"No, escucho lo mismo que siempre",Busco música nueva para mantenerme motivado/a,Entre 5 y 15 minutos,Siento que el tiempo pasa más rápido.,"La escucho mientras sigo trabajando, pero con menor intensidad","Sí, ponerme los audífonos o la música es lo que le indica a mi cerebro que es hora de trabajar"
5/12/2026 0:44:57,29-33 años,Femenino,Posgrado,Más de 2 horas,A veces,No,No,Materias Prácticas,No,Ninguna,Con audífonos,No aplica,No,Tareas repetitivas,Si,Algunas veces,Motivación,Media,No hay diferencia,Si,Un poco,Bajo,"Si, mejora",Ninguna,Música Clásica / Instrumental,"No, es puramente instrumental",4,1,4,"Escuchar ruido ambiente (personas, pasillos, etc.)",No escucho música desde el teléfono al estudiar,"Sí, dejo de usar música para concentrarme más",Busco música nueva para mantenerme motivado/a,Entre 5 y 15 minutos,Siento que el tiempo pasa más rápido.,"Me detengo a escucharla o cantarla, interrumpiendo el estudio.","Sí, ponerme los audífonos o la música es lo que le indica a mi cerebro que es hora de trabajar"
5/12/2026 5:09:50,Mayores de 34 años,Femenino,Posgrado,Más de 2 horas,Siempre,Si,Si,Materias Teóricas,Sí,Ambas,Sin audífonos,Silencio absoluto,No,Tareas difíciles,Si,Algunas veces,Concentración,Difícil,Si,Si,Influye mucho,Medio,"Si, mejora","Lectura / Memorización, Redacción de textos, Diseño / Creatividad",Música Clásica / Instrumental,"No, es puramente instrumental",5,2,5,Estudiar en silencio,No uso ninguna estrategia,"Sí, elijo música más tranquila o instrumental","Uso una lista aleatoria recomendada por la plataforma (Spotify, YouTube, etc.)",Menos de 5 minutos,Siento que el tiempo pasa más rápido.,"La escucho mientras sigo trabajando, pero con menor intensidad","No, la pongo simplemente para que me acompañe una vez que ya empecé"
5/12/2026 6:11:14,Mayores de 34 años,Masculino,Posgrado,Más de 2 horas,Casi siempre,No,No,Materias Teóricas,Sí,Me hace sentir más cómodo,Sin audífonos,Silencio absoluto,No,Tareas repetitivas,No,Nunca,Calma,Fácil,Si,Si,No influye,Bajo,No cambia,Redacción de textos,Electrónica,"Sí, en un idioma que entiendo",4,3,1,Estudiar en silencio,No uso ninguna estrategia,"Sí, elijo música más tranquila o instrumental",Busco música nueva para mantenerme motivado/a,Menos de 5 minutos,Siento que el tiempo pasa más rápido.,"La escucho mientras sigo trabajando, pero con menor intensidad","No, la pongo simplemente para que me acompañe una vez que ya empecé"
5/12/2026 9:18:36,19-23 años,Masculino,Bachillerato o equivalente,Menos de 1 hora,A veces,No,Si,"Materias Lógicas (Matemáticas, Física)",Sí,Me hace sentir más cómodo,Sin audífonos,Conversaciones de fondo,No,Tareas fáciles,No,Casi nunca,Energía,Media,No,Depende,Un poco,Medio,No cambia,"Lectura / Memorización, Ejercicios prácticos / Matemáticas / Programación",Pop / Urbano,"Sí, en un idioma que entiendo",3,3,4,Estudiar en silencio,No uso ninguna estrategia,"No, escucho lo mismo que siempre","Uso una lista aleatoria recomendada por la plataforma (Spotify, YouTube, etc.)","Nada, uso siempre la misma lista predeterminada",Siento que el tiempo pasa más rápido.,"Me detengo a escucharla o cantarla, interrumpiendo el estudio.","No, la pongo simplemente para que me acompañe una vez que ya empecé"
5/12/2026 9:32:07,19-23 años,Masculino,Licenciatura,De 1 a 2 horas,Casi siempre,A veces,Si,Materias Teóricas,Sí,Me hace sentir más cómodo,Sin audífonos,No aplica,A veces,Tareas difíciles,No,Algunas veces,Motivación,Media,No hay diferencia,Si,Un poco,Depende,No cambia,"Ejercicios prácticos / Matemáticas / Programación, Redacción de textos, Diseño / Creatividad","Música Clásica / Instrumental, Soundtracks (Videojuegos/Películas), Pop / Urbano, Rock / Metal","Sí, en un idioma que entiendo",4,2,2,Estudiar con música y audífonos,No uso ninguna estrategia,"Si, elijo música más movida",Busco una que ya conozco para no distraerme con canciones nuevas,Menos de 5 minutos,Siento que el tiempo pasa más rápido.,"Me detengo a escucharla o cantarla, interrumpiendo el estudio.","A veces, solo cuando me cuesta mucho trabajo iniciar la tarea"
5/12/2026 9:44:57,Mayores de 34 años,Femenino,Posgrado,Más de 2 horas,Casi siempre,Si,Si,Materias Creativas,Sí,Mejora mi rendimiento,Sin audífonos,No aplica,A veces,Tareas difíciles,No,Algunas veces,Calma,Difícil,Si,No,Influye mucho,Medio,"Si, mejora",Lectura / Memorización,Pop / Urbano,"Sí, en un idioma que entiendo",4,3,2,Estudiar con música y audífonos,No escucho música desde el teléfono al estudiar,"No, escucho lo mismo que siempre",Busco una que ya conozco para no distraerme con canciones nuevas,"Nada, uso siempre la misma lista predeterminada",Siento que el tiempo pasa más rápido.,"La escucho mientras sigo trabajando, pero con menor intensidad","No, la pongo simplemente para que me acompañe una vez que ya empecé"
5/12/2026 9:48:19,Menor de 18 años,Prefiero no decirlo,Primaria,Más de 2 horas,Nunca,No,No sé,Materias Teóricas,No,Ambas,No escucho música,"Ruido blanco, Conversaciones de fondo, Silencio absoluto, No aplica",A veces,Popo,No,Nunca,Hola,Difícil,No hay diferencia,Depende,Influye mucho,Depende,"Si, empeora","Lectura / Memorización, Redacción de textos",Tribalero y danzón,"No, es puramente instrumental",1,1,1,Ver titocs,No escucho música desde el teléfono al estudiar,No uso música para exámenes,"No uso playlists, elijo canciones una por una",Más de 15 minutos (a veces procrastino eligiendo la música),No noto ninguna diferencia en mi percepción del tiempo.,La cambio porque sé que me va a distraer,"A veces, solo cuando me cuesta mucho trabajo iniciar la tarea"
5/12/2026 9:48:50,Mayores de 34 años,Masculino,Posgrado,Más de 2 horas,Siempre,Si,Si,Materias Teóricas,Sí,Ambas,Sin audífonos,No aplica,No,Cualquier tipo de tareas.,No,Nunca,Concentración,Difícil,Si,No,Influye mucho,Depende,"Si, mejora","Lectura / Memorización, Ejercicios prácticos / Matemáticas / Programación, Redacción de textos","Música Clásica / Instrumental, Rock / Metal, Jazz y Blues","Sí, en un idioma que entiendo",5,1,5,Estudiar con música y audífonos,No escucho música desde el teléfono al estudiar,"No, escucho lo mismo que siempre","No uso playlists, elijo canciones una por una",Menos de 5 minutos,No noto ninguna diferencia en mi percepción del tiempo.,La ignoro y mantengo la concentración en la tarea,"No, la pongo simplemente para que me acompañe una vez que ya empecé"
5/12/2026 9:57:49,19-23 años,Masculino,Bachillerato o equivalente,De 1 a 2 horas,Siempre,A veces,Si,"Materias Lógicas (Matemáticas, Física)",Sí,Me hace sentir más cómodo,Con audífonos,No aplica,A veces,Tareas repetitivas,No,Algunas veces,Calma,Media,Si,Depende,Un poco,Depende,"Si, mejora","Lectura / Memorización, Ejercicios prácticos / Matemáticas / Programación","Pop / Urbano, Rock / Metal","Sí, en un idioma que entiendo",4,3,4,Estudiar con música y audífonos,No uso ninguna estrategia,"No, escucho lo mismo que siempre",Busco una que ya conozco para no distraerme con canciones nuevas,"Nada, uso siempre la misma lista predeterminada",Siento que el tiempo pasa más lento.,"La escucho mientras sigo trabajando, pero con menor intensidad","A veces, solo cuando me cuesta mucho trabajo iniciar la tarea"
5/12/2026 10:00:57,19-23 años,Masculino,Licenciatura,Menos de 1 hora,Casi siempre,No,Si,Materias Teóricas,No sé,Me hace sentir más cómodo,Con audífonos,Conversaciones de fondo,A veces,Tareas difíciles,No,Algunas veces,Evitar el silencio,Media,No hay diferencia,Depende,Un poco,Depende,No cambia,"Lectura / Memorización, Redacción de textos, Diseño / Creatividad",Pop / Urbano,"Sí, en un idioma que entiendo",4,5,5,Estudiar con música y audífonos,No uso ninguna estrategia,No uso música para exámenes,"Uso una lista aleatoria recomendada por la plataforma (Spotify, YouTube, etc.)",Entre 5 y 15 minutos,Siento que el tiempo pasa más rápido.,"La escucho mientras sigo trabajando, pero con menor intensidad","No, la pongo simplemente para que me acompañe una vez que ya empecé"
5/12/2026 10:01:58,Mayores de 34 años,Masculino,Posgrado,De 1 a 2 horas,Casi siempre,A veces,Si,"Materias Lógicas (Matemáticas, Física)",Sí,Me hace sentir más cómodo,Sin audífonos,Silencio absoluto,No,Tareas repetitivas,A veces,Casi nunca,Energía,Difícil,Si,Si,Un poco,Medio,"Si, mejora","Ejercicios prácticos / Matemáticas / Programación, Redacción de textos, Diseño / Creatividad","Música Clásica / Instrumental, Rock / Metal","Sí, en un idioma que no entiendo",4,2,4,Estudiar en silencio,No uso ninguna estrategia,"Sí, elijo música más tranquila o instrumental",Busco una que ya conozco para no distraerme con canciones nuevas,"Nada, uso siempre la misma lista predeterminada",Siento que el tiempo pasa más rápido.,"La escucho mientras sigo trabajando, pero con menor intensidad","No, la pongo simplemente para que me acompañe una vez que ya empecé"
5/12/2026 10:02:51,Mayores de 34 años,Femenino,Posgrado,Más de 2 horas,Siempre,No,Más o menos,Materias Creativas,Sí,Ambas,Sin audífonos,No aplica,A veces,Tareas difíciles,Si,Nunca,Calma,Difícil,Si,Depende,Un poco,Bajo,"Si, mejora",Diseño / Creatividad,Música Clásica / Instrumental,"No, es puramente instrumental",4,4,1,Estudiar en silencio,Desactivo datos o Wi-Fi,"Sí, elijo música más tranquila o instrumental",Busco una que ya conozco para no distraerme con canciones nuevas,Menos de 5 minutos,No noto ninguna diferencia en mi percepción del tiempo.,La ignoro y mantengo la concentración en la tarea,"No, la pongo simplemente para que me acompañe una vez que ya empecé"
5/12/2026 10:04:46,Mayores de 34 años,Masculino,Licenciatura,Más de 2 horas,Casi siempre,Si,Si,Materias Prácticas,Sí,Ambas,Sin audífonos,Silencio absoluto,No,Tareas difíciles,Si,Casi nunca,Concentración,Difícil,Si,Depende,Influye mucho,Bajo,"Si, mejora","Lectura / Memorización, Ejercicios prácticos / Matemáticas / Programación, Redacción de textos, Diseño / Creatividad","Música Clásica / Instrumental, New age, jazz instrumental, balada romántica en todos los idiomas ","Sí, en un idioma que entiendo",4,2,2,Estudiar con música y audífonos,Uso aplicaciones para bloquear redes sociales,"Sí, elijo música más tranquila o instrumental",Busco una que ya conozco para no distraerme con canciones nuevas,Menos de 5 minutos,Siento que el tiempo pasa más rápido.,La ignoro y mantengo la concentración en la tarea,"Sí, ponerme los audífonos o la música es lo que le indica a mi cerebro que es hora de trabajar"
5/12/2026 10:06:09,19-23 años,Masculino,Licenciatura,Más de 2 horas,A veces,A veces,Más o menos,Materias Teóricas,No,Ambas,Con audífonos,Silencio absoluto,No,Tareas fáciles,Si,Casi siempre,Motivación,Media,Si,Si,Un poco,Medio,No cambia,"Redacción de textos, Diseño / Creatividad","Ruido Blanco (White Noise), Lo-Fi / Ambient","Sí, en un idioma que no entiendo",3,3,3,Estudiar en silencio,Uso aplicaciones para bloquear redes sociales,"Si, elijo música más movida",Busco una que ya conozco para no distraerme con canciones nuevas,Más de 15 minutos (a veces procrastino eligiendo la música),Siento que el tiempo pasa más rápido.,"Me detengo a escucharla o cantarla, interrumpiendo el estudio.","Sí, ponerme los audífonos o la música es lo que le indica a mi cerebro que es hora de trabajar"
5/12/2026 10:08:20,19-23 años,Femenino,Bachillerato o equivalente,Más de 2 horas,A veces,No,Más o menos,Materias Prácticas,No,Me hace sentir más cómodo,Con audífonos,"Conversaciones de fondo, Silencio absoluto",No,Tareas repetitivas,Si,Algunas veces,Calma,Media,No,No,Un poco,Medio,No cambia,Redacción de textos,Pop / Urbano,"Sí, en un idioma que entiendo",2,2,2,Estudiar con música y audífonos,Activo el modo concentración / no molestar,"No, escucho lo mismo que siempre",Busco una que ya conozco para no distraerme con canciones nuevas,Menos de 5 minutos,No noto ninguna diferencia en mi percepción del tiempo.,La cambio porque sé que me va a distraer,"Sí, ponerme los audífonos o la música es lo que le indica a mi cerebro que es hora de trabajar"
5/12/2026 10:08:30,19-23 años,Femenino,Bachillerato o equivalente,Menos de 1 hora,Siempre,A veces,Más o menos,"Materias Lógicas (Matemáticas, Física)",Tal vez,Ambas,Con audífonos,No aplica,No,Tareas repetitivas,Si,Casi nunca,Concentración,Media,Si,Si,Influye mucho,Medio,"Si, mejora",Lectura / Memorización,"Música Clásica / Instrumental, Lo-Fi / Ambient","No, es puramente instrumental",4,2,5,Estudiar con música y audífonos,Activo el modo concentración / no molestar,"Sí, elijo música más tranquila o instrumental","Uso una lista aleatoria recomendada por la plataforma (Spotify, YouTube, etc.)",Entre 5 y 15 minutos,Siento que el tiempo pasa más rápido.,La cambio porque sé que me va a distraer,"Sí, ponerme los audífonos o la música es lo que le indica a mi cerebro que es hora de trabajar"
5/12/2026 10:08:45,19-23 años,Femenino,Licenciatura,De 1 a 2 horas,Casi siempre,A veces,Si,"Materias Lógicas (Matemáticas, Física)",Sí,Me hace sentir más cómodo,Con audífonos,No aplica,A veces,Tareas fáciles,A veces,Algunas veces,Motivación,Media,No hay diferencia,Depende,Un poco,Medio,No cambia,Ejercicios prácticos / Matemáticas / Programación,Pop / Urbano,"Sí, en un idioma que no entiendo",4,5,3,Estudiar con música y audífonos,No uso ninguna estrategia,"No, escucho lo mismo que siempre","Uso una lista aleatoria recomendada por la plataforma (Spotify, YouTube, etc.)","Nada, uso siempre la misma lista predeterminada",No noto ninguna diferencia en mi percepción del tiempo.,"La escucho mientras sigo trabajando, pero con menor intensidad","Sí, ponerme los audífonos o la música es lo que le indica a mi cerebro que es hora de trabajar"
5/12/2026 10:09:37,24-28 años,Femenino,Licenciatura,De 1 a 2 horas,Siempre,A veces,Si,Materias Teóricas,Sí,Me hace sentir más cómodo,Con audífonos,No aplica,No,Tareas repetitivas,Si,Algunas veces,Energía,Media,No hay diferencia,Si,Un poco,Alto,No cambia,Lectura / Memorización,Rock / Metal,"Sí, en un idioma que entiendo",3,3,4,Estudiar con música y audífonos,No uso ninguna estrategia,"Si, elijo música más movida",Busco una que ya conozco para no distraerme con canciones nuevas,Más de 15 minutos (a veces procrastino eligiendo la música),No noto ninguna diferencia en mi percepción del tiempo.,"La escucho mientras sigo trabajando, pero con menor intensidad","A veces, solo cuando me cuesta mucho trabajo iniciar la tarea"
5/12/2026 10:10:50,19-23 años,Femenino,Licenciatura,Más de 2 horas,A veces,No,Si,Materias Prácticas,Sí,Me hace sentir más cómodo,Sin audífonos,Conversaciones de fondo,Sí,Tareas repetitivas,A veces,Casi siempre,Evitar el silencio,Media,No,No,Me distrae,Medio,"Si, empeora","Ejercicios prácticos / Matemáticas / Programación, Diseño / Creatividad","Música Clásica / Instrumental, Soundtracks (Videojuegos/Películas), Pop / Urbano","Sí, en un idioma que no entiendo",2,4,4,"Escuchar ruido ambiente (personas, pasillos, etc.)",Activo el modo concentración / no molestar,No uso música para exámenes,"Uso una lista aleatoria recomendada por la plataforma (Spotify, YouTube, etc.)","Nada, uso siempre la misma lista predeterminada",Siento que el tiempo pasa más rápido.,"La escucho mientras sigo trabajando, pero con menor intensidad","Sí, ponerme los audífonos o la música es lo que le indica a mi cerebro que es hora de trabajar"
5/12/2026 10:11:16,Mayores de 34 años,Femenino,Licenciatura,Más de 2 horas,Casi siempre,Si,Más o menos,Materias Teóricas,Sí,Me hace sentir más cómodo,Con audífonos,Silencio absoluto,No,Tareas repetitivas,Si,Casi nunca,Calma,Difícil,Si,No,Influye mucho,Medio,"Si, mejora",Lectura / Memorización,Soundtracks (Videojuegos/Películas),"No, es puramente instrumental",5,2,5,Estudiar con música y audífonos,No uso ninguna estrategia,"Sí, dejo de usar música para concentrarme más","Uso una lista aleatoria recomendada por la plataforma (Spotify, YouTube, etc.)",Menos de 5 minutos,Siento que el tiempo pasa más rápido.,"La escucho mientras sigo trabajando, pero con menor intensidad","No, la pongo simplemente para que me acompañe una vez que ya empecé"
5/12/2026 10:11:37,24-28 años,Masculino,Licenciatura,Más de 2 horas,Casi siempre,No,Si,Materias Teóricas,Sí,Me hace sentir más cómodo,Con audífonos,No aplica,A veces,Tareas repetitivas,A veces,Algunas veces,Calma,Media,No hay diferencia,Depende,Un poco,Medio,"Si, mejora","Lectura / Memorización, Redacción de textos, Diseño / Creatividad","Música Clásica / Instrumental, Soundtracks (Videojuegos/Películas), Ruido Blanco (White Noise), Lo-Fi / Ambient","Sí, en un idioma que no entiendo",2,3,4,Estudiar con música y audífonos,Activo el modo concentración / no molestar,"Sí, elijo música más tranquila o instrumental",Busco una que ya conozco para no distraerme con canciones nuevas,Entre 5 y 15 minutos,Siento que el tiempo pasa más rápido.,"La escucho mientras sigo trabajando, pero con menor intensidad","No, la pongo simplemente para que me acompañe una vez que ya empecé"
5/12/2026 10:12:40,19-23 años,Femenino,Bachillerato o equivalente,Menos de 1 hora,Siempre,A veces,Si,Materias Teóricas,Tal vez,Me hace sentir más cómodo,Con audífonos,No aplica,A veces,Tareas difíciles,A veces,Algunas veces,Concentración,Difícil,No hay diferencia,Depende,Un poco,Depende,"Si, mejora","Lectura / Memorización, Redacción de textos, Diseño / Creatividad","Música Clásica / Instrumental, Ruido Blanco (White Noise), Electrónica","Sí, en un idioma que no entiendo",3,4,5,Estudiar con música y audífonos,Activo el modo concentración / no molestar,"Sí, elijo música más tranquila o instrumental",Busco una que ya conozco para no distraerme con canciones nuevas,"Nada, uso siempre la misma lista predeterminada",No noto ninguna diferencia en mi percepción del tiempo.,"La escucho mientras sigo trabajando, pero con menor intensidad","No, la pongo simplemente para que me acompañe una vez que ya empecé"
5/12/2026 10:13:11,29-33 años,Femenino,Licenciatura,Más de 2 horas,Casi nunca,No,Si,Materias Creativas,Tal vez,Me hace sentir más cómodo,No escucho música,Silencio absoluto,No,No pongo música,Si,Algunas veces,Calma,Fácil,No hay diferencia,Si,Me distrae,Bajo,No cambia,"Redacción de textos, Diseño / Creatividad","Soundtracks (Videojuegos/Películas), Lo-Fi / Ambient","No, es puramente instrumental",1,5,1,"Escuchar ruido ambiente (personas, pasillos, etc.)",No escucho música desde el teléfono al estudiar,No uso música para exámenes,Busco música nueva para mantenerme motivado/a,Menos de 5 minutos,No noto ninguna diferencia en mi percepción del tiempo.,La ignoro y mantengo la concentración en la tarea,"No, la pongo simplemente para que me acompañe una vez que ya empecé"
5/12/2026 10:13:32,19-23 años,Masculino,Licenciatura,De 1 a 2 horas,Casi siempre,A veces,Si,Materias Prácticas,Sí,Me hace sentir más cómodo,Con audífonos,Silencio absoluto,No,En todas ,No,Nunca,Concentración,Difícil,Si,No,Un poco,Medio,"Si, mejora","Lectura / Memorización, Ejercicios prácticos / Matemáticas / Programación",De todo un poco ,"Sí, en un idioma que entiendo",4,2,5,Estudiar con música y audífonos,Activo el modo concentración / no molestar,"No, escucho lo mismo que siempre","Uso una lista aleatoria recomendada por la plataforma (Spotify, YouTube, etc.)",Menos de 5 minutos,Siento que el tiempo pasa más lento.,"La escucho mientras sigo trabajando, pero con menor intensidad","Sí, ponerme los audífonos o la música es lo que le indica a mi cerebro que es hora de trabajar"
5/12/2026 10:14:13,24-28 años,Masculino,Licenciatura,Más de 2 horas,A veces,A veces,Más o menos,Materias Teóricas,Sí,Me hace sentir más cómodo,Con audífonos,No aplica,A veces,Tareas repetitivas,Si,Algunas veces,Energía,Media,No hay diferencia,Si,Un poco,Medio,No cambia,"Lectura / Memorización, Diseño / Creatividad","Música Clásica / Instrumental, Lo-Fi / Ambient","Sí, en un idioma que entiendo",3,3,4,Estudiar con música y audífonos,No uso ninguna estrategia,"Sí, dejo de usar música para concentrarme más","Uso una lista aleatoria recomendada por la plataforma (Spotify, YouTube, etc.)",Menos de 5 minutos,No noto ninguna diferencia en mi percepción del tiempo.,"La escucho mientras sigo trabajando, pero con menor intensidad","No, la pongo simplemente para que me acompañe una vez que ya empecé"
5/12/2026 10:14:38,19-23 años,Femenino,Bachillerato o equivalente,De 1 a 2 horas,Casi siempre,A veces,Más o menos,Materias Creativas,Sí,Me hace sentir más cómodo,Con audífonos,No aplica,A veces,Tareas repetitivas,A veces,Algunas veces,Motivación,Media,No hay diferencia,Depende,Un poco,Medio,"Si, mejora","Lectura / Memorización, Redacción de textos","Música Clásica / Instrumental, Soundtracks (Videojuegos/Películas), Lo-Fi / Ambient, Pop / Urbano, Electrónica","Sí, en un idioma que entiendo",3,3,3,Estudiar con música y audífonos,No uso ninguna estrategia,"No, escucho lo mismo que siempre","Uso una lista aleatoria recomendada por la plataforma (Spotify, YouTube, etc.)","Nada, uso siempre la misma lista predeterminada",Siento que el tiempo pasa más lento.,La cambio porque sé que me va a distraer,"No, la pongo simplemente para que me acompañe una vez que ya empecé"
5/12/2026 10:15:03,19-23 años,Masculino,Licenciatura,Menos de 1 hora,Casi siempre,No,Si,Materias Creativas,Sí,Mejora mi rendimiento,Sin audífonos,Conversaciones de fondo,A veces,Tareas difíciles,No,Algunas veces,Motivación,Difícil,Si,Si,No influye,Medio,"Si, mejora","Ejercicios prácticos / Matemáticas / Programación, Diseño / Creatividad",Electrónica,"Sí, en un idioma que entiendo",5,3,2,"Escuchar ruido ambiente (personas, pasillos, etc.)",Desactivo datos o Wi-Fi,"Sí, elijo música más tranquila o instrumental",Busco una que ya conozco para no distraerme con canciones nuevas,"Nada, uso siempre la misma lista predeterminada",Siento que el tiempo pasa más rápido.,"Me detengo a escucharla o cantarla, interrumpiendo el estudio.","Sí, ponerme los audífonos o la música es lo que le indica a mi cerebro que es hora de trabajar"
5/12/2026 10:15:06,19-23 años,Femenino,Bachillerato o equivalente,Más de 2 horas,Siempre,A veces,Si,"Materias Lógicas (Matemáticas, Física)",Sí,Me hace sentir más cómodo,Con audífonos,Ruido blanco,No,Tareas difíciles,A veces,Casi nunca,Energía,Difícil,Si,Si,Influye mucho,Depende,"Si, mejora",Ejercicios prácticos / Matemáticas / Programación,"Música Clásica / Instrumental, Soundtracks (Videojuegos/Películas), Ruido Blanco (White Noise), Lo-Fi / Ambient, Pop / Urbano, Electrónica","No, es puramente instrumental",4,3,4,Estudiar con música y audífonos,No uso ninguna estrategia,"No, escucho lo mismo que siempre","Uso una lista aleatoria recomendada por la plataforma (Spotify, YouTube, etc.)","Nada, uso siempre la misma lista predeterminada",Siento que el tiempo pasa más rápido.,"La escucho mientras sigo trabajando, pero con menor intensidad","Sí, ponerme los audífonos o la música es lo que le indica a mi cerebro que es hora de trabajar"
5/12/2026 10:15:21,19-23 años,Masculino,Licenciatura,Menos de 1 hora,Casi siempre,Si,Más o menos,Materias Prácticas,Sí,Me hace sentir más cómodo,Con audífonos,Silencio absoluto,A veces,Tareas repetitivas,No,Casi nunca,Evitar el silencio,Media,Si,Depende,Un poco,Medio,No cambia,"Lectura / Memorización, Ejercicios prácticos / Matemáticas / Programación, Redacción de textos, Diseño / Creatividad","Pop / Urbano, Rock / Metal, Electrónica, Boleros","Sí, en un idioma que entiendo",4,5,4,Estudiar con música y audífonos,No uso ninguna estrategia,"No, escucho lo mismo que siempre","No uso playlists, elijo canciones una por una","Nada, uso siempre la misma lista predeterminada",Siento que el tiempo pasa más rápido.,"La escucho mientras sigo trabajando, pero con menor intensidad","Sí, ponerme los audífonos o la música es lo que le indica a mi cerebro que es hora de trabajar"
5/12/2026 10:16:32,24-28 años,Masculino,Licenciatura,De 1 a 2 horas,Casi siempre,A veces,Más o menos,Materias Creativas,Tal vez,Me hace sentir más cómodo,Con audífonos,Silencio absoluto,A veces,Tareas fáciles,No,Algunas veces,Motivación,Fácil,No,Depende,Me distrae,Medio,No cambia,"Redacción de textos, Diseño / Creatividad","Pop / Urbano, Rock / Metal","Sí, en un idioma que entiendo",3,4,4,Estudiar con música y audífonos,Desactivo datos o Wi-Fi,No uso música para exámenes,"No uso playlists, elijo canciones una por una",Menos de 5 minutos,Siento que el tiempo pasa más rápido.,"Me detengo a escucharla o cantarla, interrumpiendo el estudio.","A veces, solo cuando me cuesta mucho trabajo iniciar la tarea"
5/12/2026 10:17:20,19-23 años,Femenino,Bachillerato o equivalente,De 1 a 2 horas,Casi nunca,No,No,Materias Creativas,Sí,Me hace sentir más cómodo,Con audífonos,Silencio absoluto,Sí,Tareas repetitivas,No,Algunas veces,Energía,Fácil,No,Si,Me distrae,Medio,No cambia,Diseño / Creatividad,Pop / Urbano,"Sí, en un idioma que entiendo",3,4,4,Estudiar con música y audífonos,No uso ninguna estrategia,"No, escucho lo mismo que siempre","No uso playlists, elijo canciones una por una",Entre 5 y 15 minutos,Siento que el tiempo pasa más rápido.,"Me detengo a escucharla o cantarla, interrumpiendo el estudio.","No, la pongo simplemente para que me acompañe una vez que ya empecé"
5/12/2026 10:17:24,19-23 años,Femenino,Licenciatura,Más de 2 horas,A veces,No,Más o menos,Materias Creativas,Sí,Me hace sentir más cómodo,Sin audífonos,"Silencio absoluto, No aplica",A veces,Tareas fáciles,No,Casi nunca,Motivación,Fácil,No hay diferencia,Depende,Un poco,Medio,No cambia,Diseño / Creatividad,Pop / Urbano,"Sí, en un idioma que entiendo",3,4,3,Estudiar con música y audífonos,No uso ninguna estrategia,"Sí, dejo de usar música para concentrarme más","Uso una lista aleatoria recomendada por la plataforma (Spotify, YouTube, etc.)","Nada, uso siempre la misma lista predeterminada",Siento que el tiempo pasa más rápido.,"Me detengo a escucharla o cantarla, interrumpiendo el estudio.","No, la pongo simplemente para que me acompañe una vez que ya empecé"
5/12/2026 10:17:43,19-23 años,Masculino,Licenciatura,De 1 a 2 horas,Siempre,No,Más o menos,"Materias Lógicas (Matemáticas, Física)",Tal vez,Me hace sentir más cómodo,Sin audífonos,No aplica,A veces,Tareas fáciles,No,Algunas veces,Calma,Media,No hay diferencia,Depende,Un poco,Depende,No cambia,Ejercicios prácticos / Matemáticas / Programación,"Música Clásica / Instrumental, Pop / Urbano, Rock / Metal","Sí, en un idioma que no entiendo",3,4,4,"Escuchar ruido ambiente (personas, pasillos, etc.)",Activo el modo concentración / no molestar,"Sí, elijo música más tranquila o instrumental",Busco una que ya conozco para no distraerme con canciones nuevas,Menos de 5 minutos,No noto ninguna diferencia en mi percepción del tiempo.,La ignoro y mantengo la concentración en la tarea,"A veces, solo cuando me cuesta mucho trabajo iniciar la tarea"
5/12/2026 10:17:47,19-23 años,Masculino,Licenciatura,De 1 a 2 horas,Casi nunca,A veces,Más o menos,Materias Creativas,Sí,Me hace sentir más cómodo,Sin audífonos,"Conversaciones de fondo, Silencio absoluto",Sí,Tareas repetitivas,No,Casi siempre,Energía,Fácil,Si,No,Un poco,Alto,No cambia,"Redacción de textos, Diseño / Creatividad","Música Clásica / Instrumental, Pop / Urbano, Rock / Metal","Sí, en un idioma que entiendo",3,4,3,"Escuchar ruido ambiente (personas, pasillos, etc.)",No uso ninguna estrategia,"Sí, dejo de usar música para concentrarme más",Busco una que ya conozco para no distraerme con canciones nuevas,Más de 15 minutos (a veces procrastino eligiendo la música),No noto ninguna diferencia en mi percepción del tiempo.,"Me detengo a escucharla o cantarla, interrumpiendo el estudio.","A veces, solo cuando me cuesta mucho trabajo iniciar la tarea"
5/12/2026 10:18:03,19-23 años,Femenino,Licenciatura,De 1 a 2 horas,Casi siempre,Si,Si,Materias Teóricas,Tal vez,Ambas,Con audífonos,Conversaciones de fondo,Sí,Tareas repetitivas,Si,Algunas veces,Concentración,Media,Si,Si,Influye mucho,Depende,"Si, mejora","Lectura / Memorización, Redacción de textos, Diseño / Creatividad","Música Clásica / Instrumental, Soundtracks (Videojuegos/Películas), Rock / Metal","Sí, en un idioma que entiendo",4,3,5,Estudiar con música y audífonos,No uso ninguna estrategia,"No, escucho lo mismo que siempre","Uso una lista aleatoria recomendada por la plataforma (Spotify, YouTube, etc.)",Menos de 5 minutos,Siento que el tiempo pasa más rápido.,"La escucho mientras sigo trabajando, pero con menor intensidad","Sí, ponerme los audífonos o la música es lo que le indica a mi cerebro que es hora de trabajar"
5/12/2026 10:18:32,19-23 años,Masculino,Bachillerato o equivalente,De 1 a 2 horas,Casi siempre,No,Si,Materias Prácticas,Sí,Mejora mi rendimiento,Sin audífonos,No aplica,Sí,Tareas repetitivas,No,Algunas veces,Energía,Media,No,No,Un poco,Medio,No cambia,Diseño / Creatividad,Lo-Fi / Ambient,"Sí, en un idioma que no entiendo",3,3,3,Estudiar en silencio,Uso aplicaciones para bloquear redes sociales,"Sí, dejo de usar música para concentrarme más",Busco música nueva para mantenerme motivado/a,Menos de 5 minutos,Siento que el tiempo pasa más rápido.,"La escucho mientras sigo trabajando, pero con menor intensidad","Sí, ponerme los audífonos o la música es lo que le indica a mi cerebro que es hora de trabajar"
5/12/2026 10:18:44,19-23 años,Femenino,Licenciatura,Más de 2 horas,A veces,No,Si,Materias Teóricas,Sí,Mejora mi rendimiento,Con audífonos,Silencio absoluto,No,Tareas difíciles,No,Nunca,Concentración,Media,No hay diferencia,Si,Influye mucho,Medio,"Si, mejora","Lectura / Memorización, Redacción de textos",Pop / Urbano,"Sí, en un idioma que entiendo",4,4,3,Estudiar en silencio,No uso ninguna estrategia,"Si, elijo música más movida",Busco una que ya conozco para no distraerme con canciones nuevas,"Nada, uso siempre la misma lista predeterminada",Siento que el tiempo pasa más rápido.,"La escucho mientras sigo trabajando, pero con menor intensidad","No, la pongo simplemente para que me acompañe una vez que ya empecé"
5/12/2026 10:19:05,19-23 años,Femenino,Licenciatura,De 1 a 2 horas,Casi nunca,No,Más o menos,Materias Prácticas,Sí,Me hace sentir más cómodo,Sin audífonos,No aplica,Sí,Tareas fáciles,No,Casi siempre,Calma,Fácil,No hay diferencia,Si,Un poco,Medio,No cambia,"Redacción de textos, Diseño / Creatividad","Pop / Urbano, Rock / Metal","Sí, en un idioma que entiendo",3,5,3,Estudiar con música y audífonos,No uso ninguna estrategia,No uso música para exámenes,Busco una que ya conozco para no distraerme con canciones nuevas,Entre 5 y 15 minutos,Siento que el tiempo pasa más rápido.,"La escucho mientras sigo trabajando, pero con menor intensidad","A veces, solo cuando me cuesta mucho trabajo iniciar la tarea"
5/12/2026 10:19:49,19-23 años,Femenino,Licenciatura,De 1 a 2 horas,Casi siempre,Si,Si,Materias Creativas,Sí,Ambas,Sin audífonos,Silencio absoluto,No,Tareas fáciles,A veces,Casi nunca,Motivación,Fácil,No hay diferencia,No,Un poco,Bajo,"Si, mejora","Ejercicios prácticos / Matemáticas / Programación, Diseño / Creatividad",Pop / Urbano,"Sí, en un idioma que entiendo",3,5,4,Estudiar con música y audífonos,No uso ninguna estrategia,"Si, elijo música más movida",Busco música nueva para mantenerme motivado/a,Menos de 5 minutos,Siento que el tiempo pasa más rápido.,"La escucho mientras sigo trabajando, pero con menor intensidad","A veces, solo cuando me cuesta mucho trabajo iniciar la tarea"
5/12/2026 10:20:30,19-23 años,Femenino,Licenciatura,Más de 2 horas,Siempre,A veces,Si,Materias Teóricas,Sí,Ambas,Con audífonos,Conversaciones de fondo,A veces,Tareas repetitivas,A veces,Algunas veces,Evitar el silencio,Difícil,No hay diferencia,No,Influye mucho,Bajo,No cambia,Lectura / Memorización,Pop / Urbano,"Sí, en un idioma que entiendo",5,3,4,Estudiar con música y audífonos,No uso ninguna estrategia,"Si, elijo música más movida","Uso una lista aleatoria recomendada por la plataforma (Spotify, YouTube, etc.)",Menos de 5 minutos,Siento que el tiempo pasa más rápido.,"Me detengo a escucharla o cantarla, interrumpiendo el estudio.","No, la pongo simplemente para que me acompañe una vez que ya empecé"
5/12/2026 10:20:36,19-23 años,Masculino,Licenciatura,De 1 a 2 horas,A veces,Si,Si,"Materias Lógicas (Matemáticas, Física)",Sí,Me hace sentir más cómodo,Sin audífonos,Silencio absoluto,No,Tareas repetitivas,No,Casi nunca,Evitar el silencio,Media,Si,Si,Un poco,Alto,"Si, mejora","Lectura / Memorización, Ejercicios prácticos / Matemáticas / Programación, Diseño / Creatividad",Corridos tumbados y regional urbano,"Sí, en un idioma que entiendo",4,3,5,Estudiar con música y audífonos,Activo el modo concentración / no molestar,"No, escucho lo mismo que siempre",Busco una que ya conozco para no distraerme con canciones nuevas,"Nada, uso siempre la misma lista predeterminada",Siento que el tiempo pasa más rápido.,"La escucho mientras sigo trabajando, pero con menor intensidad","No, la pongo simplemente para que me acompañe una vez que ya empecé"
5/12/2026 10:20:51,19-23 años,Femenino,Licenciatura,De 1 a 2 horas,Casi siempre,A veces,Si,Materias Teóricas,Sí,Mejora mi rendimiento,Con audífonos,No aplica,A veces,Tareas repetitivas,No,Casi nunca,Concentración,Difícil,Si,Depende,Influye mucho,Medio,"Si, mejora",Lectura / Memorización,Rock / Metal,"Sí, en un idioma que entiendo",5,2,5,Estudiar con música y audífonos,No uso ninguna estrategia,"No, escucho lo mismo que siempre","Uso una lista aleatoria recomendada por la plataforma (Spotify, YouTube, etc.)",Menos de 5 minutos,Siento que el tiempo pasa más rápido.,La ignoro y mantengo la concentración en la tarea,"No, la pongo simplemente para que me acompañe una vez que ya empecé"
5/12/2026 10:21:08,19-23 años,Femenino,Licenciatura,Más de 2 horas,Casi nunca,A veces,No,Materias Prácticas,Sí,Me hace sentir más cómodo,Con audífonos,Silencio absoluto,Sí,Tareas fáciles,A veces,Casi siempre,Concentración,Fácil,No,Si,Me distrae,Medio,"Si, empeora",Diseño / Creatividad,Pop / Urbano,"Sí, en un idioma que entiendo",3,4,2,Estudiar en silencio,No escucho música desde el teléfono al estudiar,No uso música para exámenes,"Uso una lista aleatoria recomendada por la plataforma (Spotify, YouTube, etc.)","Nada, uso siempre la misma lista predeterminada",Siento que el tiempo pasa más lento.,"Me detengo a escucharla o cantarla, interrumpiendo el estudio.","A veces, solo cuando me cuesta mucho trabajo iniciar la tarea"
5/12/2026 10:23:28,19-23 años,Masculino,Bachillerato o equivalente,De 1 a 2 horas,Siempre,Si,Si,"Materias Lógicas (Matemáticas, Física)",Sí,Mejora mi rendimiento,Sin audífonos,No aplica,No,Tareas difíciles,Si,Algunas veces,Energía,Difícil,Si,Si,Un poco,Medio,"Si, mejora","Ejercicios prácticos / Matemáticas / Programación, Diseño / Creatividad","Música Clásica / Instrumental, Soundtracks (Videojuegos/Películas), Lo-Fi / Ambient, Pop / Urbano, Electrónica","Sí, en un idioma que no entiendo",5,1,1,Estudiar en silencio,Activo el modo concentración / no molestar,"Sí, elijo música más tranquila o instrumental",Busco una que ya conozco para no distraerme con canciones nuevas,"Nada, uso siempre la misma lista predeterminada",Siento que el tiempo pasa más rápido.,"La escucho mientras sigo trabajando, pero con menor intensidad","Sí, ponerme los audífonos o la música es lo que le indica a mi cerebro que es hora de trabajar"
5/12/2026 10:26:44,19-23 años,Femenino,Bachillerato o equivalente,De 1 a 2 horas,A veces,A veces,Si,Materias Creativas,Sí,Ambas,Sin audífonos,Silencio absoluto,No,Tareas fáciles,No,Algunas veces,Energía,Fácil,No,No,Me distrae,Bajo,No cambia,"Ejercicios prácticos / Matemáticas / Programación, Redacción de textos",Música Clásica / Instrumental,"Sí, en un idioma que entiendo",3,3,5,"Escuchar ruido ambiente (personas, pasillos, etc.)",No uso ninguna estrategia,"No, escucho lo mismo que siempre","Uso una lista aleatoria recomendada por la plataforma (Spotify, YouTube, etc.)","Nada, uso siempre la misma lista predeterminada",No noto ninguna diferencia en mi percepción del tiempo.,"La escucho mientras sigo trabajando, pero con menor intensidad","A veces, solo cuando me cuesta mucho trabajo iniciar la tarea"
5/12/2026 10:28:12,24-28 años,Femenino,Licenciatura,De 1 a 2 horas,Siempre,A veces,Si,"Materias Lógicas (Matemáticas, Física)",Sí,Me hace sentir más cómodo,Con audífonos,No aplica,A veces,Tareas difíciles,A veces,Algunas veces,Evitar el silencio,Difícil,No hay diferencia,Depende,Un poco,Medio,No cambia,Lectura / Memorización,"Música Clásica / Instrumental, Soundtracks (Videojuegos/Películas), Ruido Blanco (White Noise)","Sí, en un idioma que no entiendo",4,2,4,Estudiar con música y audífonos,Desactivo datos o Wi-Fi,"No, escucho lo mismo que siempre",Busco una que ya conozco para no distraerme con canciones nuevas,"Nada, uso siempre la misma lista predeterminada",Siento que el tiempo pasa más lento.,"La escucho mientras sigo trabajando, pero con menor intensidad","A veces, solo cuando me cuesta mucho trabajo iniciar la tarea"
5/12/2026 10:28:38,19-23 años,Femenino,Licenciatura,Más de 2 horas,Siempre,Si,Si,Materias Prácticas,Sí,Me hace sentir más cómodo,Con audífonos,Silencio absoluto,Sí,Tareas repetitivas,Si,Algunas veces,Energía,Media,Si,Depende,Un poco,Medio,"Si, mejora",Ejercicios prácticos / Matemáticas / Programación,Soundtracks (Videojuegos/Películas),"Sí, en un idioma que no entiendo",3,2,3,Estudiar con música y audífonos,Uso aplicaciones para bloquear redes sociales,"Sí, dejo de usar música para concentrarme más","Uso una lista aleatoria recomendada por la plataforma (Spotify, YouTube, etc.)",Menos de 5 minutos,Siento que el tiempo pasa más lento.,"La escucho mientras sigo trabajando, pero con menor intensidad","Sí, ponerme los audífonos o la música es lo que le indica a mi cerebro que es hora de trabajar"
5/12/2026 10:30:39,Mayores de 34 años,Femenino,Bachillerato o equivalente,Menos de 1 hora,A veces,A veces,Si,Materias Prácticas,Sí,Ambas,Sin audífonos,No aplica,Sí,Tareas difíciles,No,Casi nunca,Calma,Media,No hay diferencia,No,No influye,Bajo,No cambia,Lectura / Memorización,Pop / Urbano,"Sí, en un idioma que entiendo",3,1,3,Estudiar con música y audífonos,No uso ninguna estrategia,"No, escucho lo mismo que siempre",Busco una que ya conozco para no distraerme con canciones nuevas,"Nada, uso siempre la misma lista predeterminada",Siento que el tiempo pasa más rápido.,"La escucho mientras sigo trabajando, pero con menor intensidad","Sí, ponerme los audífonos o la música es lo que le indica a mi cerebro que es hora de trabajar"
5/12/2026 10:32:02,Mayores de 34 años,Femenino,Licenciatura,Más de 2 horas,Casi siempre,Si,Si,"Materias Lógicas (Matemáticas, Física)",Sí,Mejora mi rendimiento,Con audífonos,No aplica,Sí,Tareas difíciles,No,Nunca,Motivación,Difícil,Si,No,Influye mucho,Medio,"Si, mejora","Lectura / Memorización, Ejercicios prácticos / Matemáticas / Programación, Diseño / Creatividad",Pop / Urbano,"Sí, en un idioma que entiendo",5,2,4,Estudiar con música y audífonos,Activo el modo concentración / no molestar,"No, escucho lo mismo que siempre","Uso una lista aleatoria recomendada por la plataforma (Spotify, YouTube, etc.)",Menos de 5 minutos,Siento que el tiempo pasa más rápido.,"La escucho mientras sigo trabajando, pero con menor intensidad","Sí, ponerme los audífonos o la música es lo que le indica a mi cerebro que es hora de trabajar"
5/12/2026 10:32:37,19-23 años,Masculino,Licenciatura,De 1 a 2 horas,A veces,No,No sé,Materias Creativas,Sí,Me hace sentir más cómodo,Sin audífonos,"Ruido blanco, Silencio absoluto",No,Tareas fáciles,No,Algunas veces,Motivación,Media,No hay diferencia,Depende,Un poco,Medio,No cambia,Diseño / Creatividad,Pop / Urbano,"Sí, en un idioma que no entiendo",3,4,4,Estudiar en silencio,No uso ninguna estrategia,No uso música para exámenes,"Uso una lista aleatoria recomendada por la plataforma (Spotify, YouTube, etc.)",Menos de 5 minutos,Siento que el tiempo pasa más rápido.,"La escucho mientras sigo trabajando, pero con menor intensidad","No, la pongo simplemente para que me acompañe una vez que ya empecé"
5/12/2026 10:33:55,19-23 años,Femenino,Licenciatura,De 1 a 2 horas,Casi siempre,Si,Si,"Materias Lógicas (Matemáticas, Física)",Sí,Me hace sentir más cómodo,Con audífonos,"Conversaciones de fondo, Silencio absoluto",Sí,Tareas fáciles,Si,Algunas veces,Calma,Media,No hay diferencia,Si,Un poco,Bajo,No cambia,Lectura / Memorización,"Música Clásica / Instrumental, Ruido Blanco (White Noise)","No, es puramente instrumental",4,5,4,"Escuchar ruido ambiente (personas, pasillos, etc.)",Activo el modo concentración / no molestar,"Sí, elijo música más tranquila o instrumental","Uso una lista aleatoria recomendada por la plataforma (Spotify, YouTube, etc.)",Menos de 5 minutos,No noto ninguna diferencia en mi percepción del tiempo.,"La escucho mientras sigo trabajando, pero con menor intensidad","Sí, ponerme los audífonos o la música es lo que le indica a mi cerebro que es hora de trabajar"
5/12/2026 10:36:40,19-23 años,Masculino,Licenciatura,De 1 a 2 horas,Siempre,Si,Si,Materias Creativas,Sí,Me hace sentir más cómodo,Con audífonos,Silencio absoluto,No,Generalmente todo el tiempo pongo música ,No,Casi nunca,Evitar el silencio,Media,Si,No,Influye mucho,Medio,No cambia,Redacción de textos,Pop / Urbano,"Sí, en un idioma que entiendo",3,2,5,Estudiar con música y audífonos,Activo el modo concentración / no molestar,"No, escucho lo mismo que siempre",Busco una que ya conozco para no distraerme con canciones nuevas,Menos de 5 minutos,Siento que el tiempo pasa más rápido.,"La escucho mientras sigo trabajando, pero con menor intensidad","A veces, solo cuando me cuesta mucho trabajo iniciar la tarea"
5/12/2026 10:37:52,24-28 años,Femenino,Licenciatura,Menos de 1 hora,Casi siempre,A veces,Si,Materias Creativas,Sí,Me hace sentir más cómodo,Sin audífonos,Silencio absoluto,A veces,Tareas repetitivas,A veces,Algunas veces,Motivación,Fácil,No hay diferencia,Si,Un poco,Depende,No cambia,"Lectura / Memorización, Redacción de textos, Diseño / Creatividad","Soundtracks (Videojuegos/Películas), Lo-Fi / Ambient, Pop / Urbano","Sí, en un idioma que entiendo",3,5,2,Estudiar en silencio,No uso ninguna estrategia,"Sí, dejo de usar música para concentrarme más",Busco una que ya conozco para no distraerme con canciones nuevas,Más de 15 minutos (a veces procrastino eligiendo la música),Siento que el tiempo pasa más lento.,"Me detengo a escucharla o cantarla, interrumpiendo el estudio.","No, la pongo simplemente para que me acompañe una vez que ya empecé"
5/12/2026 10:38:56,19-23 años,Femenino,Licenciatura,De 1 a 2 horas,A veces,A veces,Si,"Materias Lógicas (Matemáticas, Física)",Sí,Ambas,Sin audífonos,No aplica,Sí,Tareas difíciles,No,Casi nunca,Energía,Media,Si,Depende,No influye,Alto,No cambia,Ejercicios prácticos / Matemáticas / Programación,Pop / Urbano,"Sí, en un idioma que no entiendo",4,4,5,Estudiar con música y audífonos,No uso ninguna estrategia,"Sí, dejo de usar música para concentrarme más",Busco música nueva para mantenerme motivado/a,Más de 15 minutos (a veces procrastino eligiendo la música),Siento que el tiempo pasa más rápido.,"La escucho mientras sigo trabajando, pero con menor intensidad","A veces, solo cuando me cuesta mucho trabajo iniciar la tarea"
5/12/2026 10:39:44,19-23 años,Femenino,Licenciatura,De 1 a 2 horas,A veces,No,Más o menos,Materias Prácticas,Sí,Me hace sentir más cómodo,Con audífonos,Silencio absoluto,Sí,Tareas fáciles,No,Algunas veces,Calma,Fácil,No hay diferencia,Si,Un poco,Bajo,No cambia,Diseño / Creatividad,Alternativo ,"Sí, en un idioma que entiendo",3,2,4,Estudiar en silencio,Activo el modo concentración / no molestar,No uso música para exámenes,Busco una que ya conozco para no distraerme con canciones nuevas,Menos de 5 minutos,Siento que el tiempo pasa más rápido.,"Me detengo a escucharla o cantarla, interrumpiendo el estudio.","A veces, solo cuando me cuesta mucho trabajo iniciar la tarea"
5/12/2026 10:39:55,19-23 años,Masculino,Licenciatura,Más de 2 horas,Siempre,No,Si,Materias Teóricas,Sí,Me hace sentir más cómodo,Sin audífonos,Silencio absoluto,No,Tareas repetitivas,No,Algunas veces,Concentración,Media,No,Si,Influye mucho,Depende,"Si, mejora","Lectura / Memorización, Ejercicios prácticos / Matemáticas / Programación, Redacción de textos, Diseño / Creatividad","Música Clásica / Instrumental, Soundtracks (Videojuegos/Películas), Pop / Urbano, ","Sí, en un idioma que no entiendo",4,2,5,Estudiar con música y audífonos,No uso ninguna estrategia,"No, escucho lo mismo que siempre","Uso una lista aleatoria recomendada por la plataforma (Spotify, YouTube, etc.)",Menos de 5 minutos,Siento que el tiempo pasa más rápido.,"Me detengo a escucharla o cantarla, interrumpiendo el estudio.","No, la pongo simplemente para que me acompañe una vez que ya empecé"
5/12/2026 10:44:17,24-28 años,Masculino,Licenciatura,Más de 2 horas,Siempre,A veces,Si,Materias Prácticas,Sí,Me hace sentir más cómodo,Sin audífonos,Silencio absoluto,A veces,Tareas difíciles,No,Algunas veces,Motivación,Difícil,No hay diferencia,Si,Un poco,Medio,No cambia,Redacción de textos,Corridos tumbados,"Sí, en un idioma que entiendo",5,3,5,Estudiar con música y audífonos,No uso ninguna estrategia,"No, escucho lo mismo que siempre",Busco una que ya conozco para no distraerme con canciones nuevas,Menos de 5 minutos,Siento que el tiempo pasa más rápido.,"La escucho mientras sigo trabajando, pero con menor intensidad","No, la pongo simplemente para que me acompañe una vez que ya empecé"
5/12/2026 10:44:24,19-23 años,Femenino,Licenciatura,De 1 a 2 horas,Casi siempre,A veces,Si,Materias Teóricas,Sí,Ambas,Con audífonos,No aplica,A veces,Con la mayoría de mis tareas ,Si,Casi nunca,Evitar el silencio,Media,No hay diferencia,Depende,Influye mucho,Medio,"Si, mejora",Redacción de textos,"Música Clásica / Instrumental, Cómo música tranquila como baladas","Sí, en un idioma que entiendo",4,2,4,Estudiar con música y audífonos,Desactivo datos o Wi-Fi,No uso música para exámenes,Busco una que ya conozco para no distraerme con canciones nuevas,"Nada, uso siempre la misma lista predeterminada",Siento que el tiempo pasa más lento.,La cambio porque sé que me va a distraer,"No, la pongo simplemente para que me acompañe una vez que ya empecé"
5/12/2026 10:45:50,19-23 años,Femenino,Licenciatura,Menos de 1 hora,Casi nunca,No,Si,Materias Creativas,Sí,Me hace sentir más cómodo,Con audífonos,Silencio absoluto,A veces,Tareas repetitivas,Si,Casi nunca,Calma,Media,No hay diferencia,Si,Un poco,Bajo,No cambia,Lectura / Memorización,Lo-Fi / Ambient,"No, es puramente instrumental",4,3,4,Estudiar con música y audífonos,Uso aplicaciones para bloquear redes sociales,"Sí, dejo de usar música para concentrarme más",Busco una que ya conozco para no distraerme con canciones nuevas,"Nada, uso siempre la misma lista predeterminada",Siento que el tiempo pasa más rápido.,"La escucho mientras sigo trabajando, pero con menor intensidad","No, la pongo simplemente para que me acompañe una vez que ya empecé"
5/12/2026 10:46:31,19-23 años,Femenino,Licenciatura,Más de 2 horas,Casi siempre,A veces,Si,Materias Teóricas,Sí,Mejora mi rendimiento,Con audífonos,Ruido blanco,Sí,Tareas repetitivas,No,Casi nunca,Energía,Media,Si,Si,Influye mucho,Medio,"Si, mejora","Lectura / Memorización, Ejercicios prácticos / Matemáticas / Programación",Pop / Urbano,"Sí, en un idioma que entiendo",5,5,5,"Escuchar ruido ambiente (personas, pasillos, etc.)",No uso ninguna estrategia,"Sí, dejo de usar música para concentrarme más",Busco música nueva para mantenerme motivado/a,Entre 5 y 15 minutos,Siento que el tiempo pasa más lento.,"Me detengo a escucharla o cantarla, interrumpiendo el estudio.","Sí, ponerme los audífonos o la música es lo que le indica a mi cerebro que es hora de trabajar"
5/12/2026 10:47:47,19-23 años,Femenino,Licenciatura,Menos de 1 hora,Siempre,Si,Si,Materias Teóricas,Sí,Mejora mi rendimiento,Con audífonos,Conversaciones de fondo,Sí,Tareas difíciles,A veces,Casi nunca,Motivación,Media,Si,No,Influye mucho,Alto,"Si, mejora","Lectura / Memorización, Redacción de textos",Pop / Urbano,"Sí, en un idioma que entiendo",5,4,5,Estudiar con música y audífonos,No uso ninguna estrategia,"No, escucho lo mismo que siempre","Uso una lista aleatoria recomendada por la plataforma (Spotify, YouTube, etc.)","Nada, uso siempre la misma lista predeterminada",Siento que el tiempo pasa más rápido.,"La escucho mientras sigo trabajando, pero con menor intensidad","Sí, ponerme los audífonos o la música es lo que le indica a mi cerebro que es hora de trabajar"
5/12/2026 10:48:50,19-23 años,Masculino,Licenciatura,De 1 a 2 horas,A veces,No,Si,Materias Creativas,Sí,Me hace sentir más cómodo,Con audífonos,No aplica,Sí,Tareas repetitivas,No,Casi siempre,Motivación,Fácil,No hay diferencia,Si,Un poco,Medio,"Si, mejora","Redacción de textos, Diseño / Creatividad","Música Clásica / Instrumental, Pop / Urbano","Sí, en un idioma que entiendo",4,5,4,"Escuchar ruido ambiente (personas, pasillos, etc.)",No uso ninguna estrategia,No uso música para exámenes,Busco una que ya conozco para no distraerme con canciones nuevas,"Nada, uso siempre la misma lista predeterminada",Siento que el tiempo pasa más rápido.,"La escucho mientras sigo trabajando, pero con menor intensidad","Sí, ponerme los audífonos o la música es lo que le indica a mi cerebro que es hora de trabajar"
5/12/2026 10:52:09,19-23 años,Masculino,Licenciatura,Más de 2 horas,Siempre,Si,Si,Materias Teóricas,Sí,Mejora mi rendimiento,Sin audífonos,Silencio absoluto,Sí,Tareas difíciles,No,Nunca,Concentración,Difícil,Si,No,Influye mucho,Depende,"Si, mejora","Lectura / Memorización, Ejercicios prácticos / Matemáticas / Programación, Redacción de textos, Diseño / Creatividad","Pop / Urbano, Reguetón, cumbia","Sí, en un idioma que entiendo",5,1,5,Estudiar con música y audífonos,No uso ninguna estrategia,"No, escucho lo mismo que siempre",Busco una que ya conozco para no distraerme con canciones nuevas,"Nada, uso siempre la misma lista predeterminada",Siento que el tiempo pasa más rápido.,"La escucho mientras sigo trabajando, pero con menor intensidad","Sí, ponerme los audífonos o la música es lo que le indica a mi cerebro que es hora de trabajar"
5/12/2026 10:53:56,19-23 años,Masculino,Licenciatura,De 1 a 2 horas,Casi nunca,No,No,Materias Creativas,Tal vez,Me hace sentir más cómodo,Con audífonos,"Ruido blanco, Conversaciones de fondo, Silencio absoluto",No,Tareas repetitivas,Si,Algunas veces,Motivación,Media,Si,Si,Un poco,Medio,No cambia,"Ejercicios prácticos / Matemáticas / Programación, Diseño / Creatividad","Música Clásica / Instrumental, Soundtracks (Videojuegos/Películas), Pop / Urbano, Rock / Metal, Electrónica","Sí, en un idioma que entiendo",3,4,3,Estudiar en silencio,Activo el modo concentración / no molestar,"No, escucho lo mismo que siempre","Uso una lista aleatoria recomendada por la plataforma (Spotify, YouTube, etc.)","Nada, uso siempre la misma lista predeterminada",No noto ninguna diferencia en mi percepción del tiempo.,"La escucho mientras sigo trabajando, pero con menor intensidad","No, la pongo simplemente para que me acompañe una vez que ya empecé"
5/12/2026 10:56:34,19-23 años,Femenino,Licenciatura,De 1 a 2 horas,Casi siempre,A veces,Si,Materias Prácticas,Sí,Me hace sentir más cómodo,No escucho música,Silencio absoluto,No,Tareas repetitivas,A veces,Algunas veces,Motivación,Media,Si,Si,Un poco,Medio,"Si, mejora",Diseño / Creatividad,"Lo-Fi / Ambient, Electrónica","Sí, en un idioma que entiendo",3,4,4,Estudiar en silencio,Activo el modo concentración / no molestar,No uso música para exámenes,"Uso una lista aleatoria recomendada por la plataforma (Spotify, YouTube, etc.)",Menos de 5 minutos,Siento que el tiempo pasa más rápido.,"Me detengo a escucharla o cantarla, interrumpiendo el estudio.","A veces, solo cuando me cuesta mucho trabajo iniciar la tarea"
5/12/2026 10:59:03,19-23 años,Femenino,Bachillerato o equivalente,De 1 a 2 horas,Casi nunca,No,No,Materias Creativas,Tal vez,Me hace sentir más cómodo,No escucho música,"Conversaciones de fondo, Silencio absoluto",Sí,Tareas fáciles,No,Siempre,Energía,Media,No hay diferencia,No,Me distrae,Medio,No cambia,Diseño / Creatividad,"Música Clásica / Instrumental, Ruido Blanco (White Noise), Pop / Urbano, Rock / Metal, Electrónica","Sí, en un idioma que entiendo",3,3,1,"Escuchar ruido ambiente (personas, pasillos, etc.)",No escucho música desde el teléfono al estudiar,No uso música para exámenes,"Uso una lista aleatoria recomendada por la plataforma (Spotify, YouTube, etc.)","Nada, uso siempre la misma lista predeterminada",No noto ninguna diferencia en mi percepción del tiempo.,"La escucho mientras sigo trabajando, pero con menor intensidad","A veces, solo cuando me cuesta mucho trabajo iniciar la tarea"
5/12/2026 10:59:17,19-23 años,Masculino,Licenciatura,De 1 a 2 horas,Casi siempre,A veces,Si,Materias Teóricas,Sí,Me hace sentir más cómodo,Con audífonos,Silencio absoluto,A veces,Tareas repetitivas,No,Casi nunca,Motivación,Difícil,Si,Si,Influye mucho,Depende,"Si, mejora","Lectura / Memorización, Ejercicios prácticos / Matemáticas / Programación, Redacción de textos, Diseño / Creatividad","Música Clásica / Instrumental, Soundtracks (Videojuegos/Películas), Lo-Fi / Ambient","Sí, en un idioma que entiendo",5,3,5,Estudiar con música y audífonos,Activo el modo concentración / no molestar,"Sí, elijo música más tranquila o instrumental",Busco una que ya conozco para no distraerme con canciones nuevas,"Nada, uso siempre la misma lista predeterminada",Siento que el tiempo pasa más lento.,"La escucho mientras sigo trabajando, pero con menor intensidad","No, la pongo simplemente para que me acompañe una vez que ya empecé"
5/12/2026 11:00:07,19-23 años,Femenino,Licenciatura,Más de 2 horas,Casi nunca,No,No,Materias Creativas,No,Ninguna,No escucho música,Silencio absoluto,No,No pongo música,No,Nunca,Calma,Fácil,No hay diferencia,Si,Me distrae,Bajo,No cambia,Diseño / Creatividad,Pop / Urbano,"Sí, en un idioma que no entiendo",2,3,4,Estudiar en silencio,No uso ninguna estrategia,No uso música para exámenes,Busco una que ya conozco para no distraerme con canciones nuevas,"Nada, uso siempre la misma lista predeterminada",No noto ninguna diferencia en mi percepción del tiempo.,"La escucho mientras sigo trabajando, pero con menor intensidad","No, la pongo simplemente para que me acompañe una vez que ya empecé"
5/12/2026 11:01:20,19-23 años,Femenino,Licenciatura,Más de 2 horas,Casi nunca,A veces,Si,Materias Prácticas,Sí,Me hace sentir más cómodo,Sin audífonos,"Ruido blanco, Silencio absoluto",No,No pongo música,Si,Siempre,Motivación,Media,Si,Si,Un poco,Bajo,No cambia,Ejercicios prácticos / Matemáticas / Programación,Música Clásica / Instrumental,"No, es puramente instrumental",3,4,4,Estudiar en silencio,No uso ninguna estrategia,"Sí, elijo música más tranquila o instrumental",Busco una que ya conozco para no distraerme con canciones nuevas,"Nada, uso siempre la misma lista predeterminada",Siento que el tiempo pasa más lento.,"La escucho mientras sigo trabajando, pero con menor intensidad","No, la pongo simplemente para que me acompañe una vez que ya empecé"
5/12/2026 11:01:36,29-33 años,Femenino,Licenciatura,De 1 a 2 horas,Casi siempre,Si,Si,"Materias Lógicas (Matemáticas, Física)",Sí,Me hace sentir más cómodo,Con audífonos,Silencio absoluto,Sí,Tareas difíciles,No,Algunas veces,Energía,Media,Si,Si,Un poco,Bajo,"Si, mejora",Redacción de textos,"Música Clásica / Instrumental, Soundtracks (Videojuegos/Películas), Pop / Urbano","Sí, en un idioma que entiendo",3,2,5,Estudiar en silencio,Activo el modo concentración / no molestar,"Sí, elijo música más tranquila o instrumental",Busco una que ya conozco para no distraerme con canciones nuevas,Menos de 5 minutos,Siento que el tiempo pasa más lento.,"La escucho mientras sigo trabajando, pero con menor intensidad","No, la pongo simplemente para que me acompañe una vez que ya empecé"
5/12/2026 11:04:53,19-23 años,Femenino,Bachillerato o equivalente,De 1 a 2 horas,Casi siempre,A veces,Si,Materias Teóricas,Tal vez,Ambas,Con audífonos,Silencio absoluto,A veces,Tareas repetitivas,No,Algunas veces,Motivación,Media,No hay diferencia,No,Un poco,Medio,No cambia,"Ejercicios prácticos / Matemáticas / Programación, Redacción de textos, Diseño / Creatividad","Soundtracks (Videojuegos/Películas), Pop / Urbano, Rock / Metal","Sí, en un idioma que entiendo",2,2,2,Estudiar en silencio,No uso ninguna estrategia,"No, escucho lo mismo que siempre",Busco una que ya conozco para no distraerme con canciones nuevas,Menos de 5 minutos,No noto ninguna diferencia en mi percepción del tiempo.,"La escucho mientras sigo trabajando, pero con menor intensidad","Sí, ponerme los audífonos o la música es lo que le indica a mi cerebro que es hora de trabajar"
5/12/2026 11:10:57,19-23 años,Masculino,Bachillerato o equivalente,Más de 2 horas,Siempre,A veces,Si,Materias Creativas,Sí,Me hace sentir más cómodo,Con audífonos,Ruido blanco,A veces,Tareas fáciles,Si,Algunas veces,Motivación,Media,No hay diferencia,No,Un poco,Medio,No cambia,"Ejercicios prácticos / Matemáticas / Programación, Redacción de textos","Soundtracks (Videojuegos/Películas), Pop / Urbano, Rock / Metal","Sí, en un idioma que entiendo",4,2,5,Estudiar con música y audífonos,Activo el modo concentración / no molestar,No uso música para exámenes,"Uso una lista aleatoria recomendada por la plataforma (Spotify, YouTube, etc.)",Menos de 5 minutos,Siento que el tiempo pasa más lento.,"La escucho mientras sigo trabajando, pero con menor intensidad","Sí, ponerme los audífonos o la música es lo que le indica a mi cerebro que es hora de trabajar"
5/12/2026 11:10:58,19-23 años,Femenino,Licenciatura,De 1 a 2 horas,Casi siempre,A veces,Si,Materias Teóricas,Sí,Me hace sentir más cómodo,Con audífonos,Silencio absoluto,No,Tareas repetitivas,No,Casi nunca,Energía,Media,Si,Depende,No influye,Alto,"Si, mejora","Lectura / Memorización, Redacción de textos, Diseño / Creatividad","Música Clásica / Instrumental, Lo-Fi / Ambient, Pop / Urbano","Sí, en un idioma que entiendo",4,3,5,Estudiar en silencio,Activo el modo concentración / no molestar,"Sí, elijo música más tranquila o instrumental",Busco una que ya conozco para no distraerme con canciones nuevas,Menos de 5 minutos,Siento que el tiempo pasa más rápido.,"La escucho mientras sigo trabajando, pero con menor intensidad","A veces, solo cuando me cuesta mucho trabajo iniciar la tarea"
5/12/2026 11:12:26,29-33 años,Masculino,Licenciatura,Más de 2 horas,A veces,No,No,Materias Prácticas,Sí,Me hace sentir más cómodo,Con audífonos,Silencio absoluto,No,Tareas repetitivas,Si,Casi nunca,Concentración,Fácil,No hay diferencia,Si,Un poco,Bajo,No cambia,Ejercicios prácticos / Matemáticas / Programación,Música Clásica / Instrumental,"No, es puramente instrumental",4,5,5,Estudiar en silencio,No escucho música desde el teléfono al estudiar,No uso música para exámenes,Busco una que ya conozco para no distraerme con canciones nuevas,"Nada, uso siempre la misma lista predeterminada",No noto ninguna diferencia en mi percepción del tiempo.,La cambio porque sé que me va a distraer,"No, la pongo simplemente para que me acompañe una vez que ya empecé"
5/12/2026 11:13:16,19-23 años,Masculino,Licenciatura,De 1 a 2 horas,A veces,A veces,Si,Materias Prácticas,Sí,Mejora mi rendimiento,Sin audífonos,Ruido blanco,No,Tareas repetitivas,A veces,Algunas veces,Motivación,Fácil,No,Si,Un poco,Medio,No cambia,Ejercicios prácticos / Matemáticas / Programación,"Música Clásica / Instrumental, Soundtracks (Videojuegos/Películas), Pop / Urbano","Sí, en un idioma que entiendo",2,3,4,"Escuchar ruido ambiente (personas, pasillos, etc.)",Uso aplicaciones para bloquear redes sociales,"Sí, elijo música más tranquila o instrumental","Uso una lista aleatoria recomendada por la plataforma (Spotify, YouTube, etc.)",Entre 5 y 15 minutos,Siento que el tiempo pasa más rápido.,"Me detengo a escucharla o cantarla, interrumpiendo el estudio.","Sí, ponerme los audífonos o la música es lo que le indica a mi cerebro que es hora de trabajar"
5/12/2026 11:13:17,24-28 años,Femenino,Posgrado,Menos de 1 hora,Siempre,A veces,Si,Materias Creativas,Sí,Me hace sentir más cómodo,Con audífonos,"Conversaciones de fondo, Silencio absoluto",Sí,Tareas repetitivas,A veces,Algunas veces,Evitar el silencio,Media,No hay diferencia,Si,Influye mucho,Alto,"Si, mejora",Diseño / Creatividad,"Soundtracks (Videojuegos/Películas), Pop / Urbano","Sí, en un idioma que entiendo",4,2,5,Estudiar con música y audífonos,No uso ninguna estrategia,"No, escucho lo mismo que siempre",Busco una que ya conozco para no distraerme con canciones nuevas,Menos de 5 minutos,Siento que el tiempo pasa más rápido.,"La escucho mientras sigo trabajando, pero con menor intensidad","Sí, ponerme los audífonos o la música es lo que le indica a mi cerebro que es hora de trabajar"
5/12/2026 11:13:30,19-23 años,Femenino,Licenciatura,De 1 a 2 horas,A veces,No,Más o menos,Materias Prácticas,No sé,Me hace sentir más cómodo,No escucho música,Silencio absoluto,A veces,Tareas repetitivas,No,Algunas veces,Concentración,Fácil,No,Depende,No influye,Medio,"Si, empeora","Ejercicios prácticos / Matemáticas / Programación, Diseño / Creatividad","Pop / Urbano, Rock / Metal","Sí, en un idioma que entiendo",2,4,3,Estudiar con música y audífonos,No uso ninguna estrategia,No uso música para exámenes,"Uso una lista aleatoria recomendada por la plataforma (Spotify, YouTube, etc.)",Menos de 5 minutos,Siento que el tiempo pasa más lento.,"Me detengo a escucharla o cantarla, interrumpiendo el estudio.","No, la pongo simplemente para que me acompañe una vez que ya empecé"
5/12/2026 11:14:55,19-23 años,Femenino,Licenciatura,Más de 2 horas,Siempre,A veces,Si,Materias Teóricas,Sí,Mejora mi rendimiento,Con audífonos,Ruido blanco,Sí,Cualquier tarea,A veces,Algunas veces,Motivación,Media,No hay diferencia,Depende,Un poco,Depende,"Si, mejora",Lectura / Memorización,Soundtracks (Videojuegos/Películas),"Sí, en un idioma que entiendo",3,4,5,Estudiar con música y audífonos,Activo el modo concentración / no molestar,"Sí, elijo música más tranquila o instrumental",Busco una que ya conozco para no distraerme con canciones nuevas,Más de 15 minutos (a veces procrastino eligiendo la música),Siento que el tiempo pasa más rápido.,"Me detengo a escucharla o cantarla, interrumpiendo el estudio.","A veces, solo cuando me cuesta mucho trabajo iniciar la tarea"
5/12/2026 11:17:40,19-23 años,Masculino,Licenciatura,De 1 a 2 horas,Casi nunca,No,Si,Materias Prácticas,Sí,Me hace sentir más cómodo,Sin audífonos,Silencio absoluto,No,Tareas fáciles,Si,Casi siempre,Calma,Fácil,No hay diferencia,Depende,Un poco,Medio,No cambia,Diseño / Creatividad,"Música Clásica / Instrumental, Rock / Metal","Sí, en un idioma que entiendo",2,5,4,"Escuchar ruido ambiente (personas, pasillos, etc.)",No escucho música desde el teléfono al estudiar,"Sí, elijo música más tranquila o instrumental",Busco una que ya conozco para no distraerme con canciones nuevas,"Nada, uso siempre la misma lista predeterminada",Siento que el tiempo pasa más rápido.,"La escucho mientras sigo trabajando, pero con menor intensidad","A veces, solo cuando me cuesta mucho trabajo iniciar la tarea"
5/12/2026 11:22:12,19-23 años,Femenino,Licenciatura,De 1 a 2 horas,Casi siempre,No,Si,Materias Teóricas,Sí,Me hace sentir más cómodo,Con audífonos,Conversaciones de fondo,A veces,Tareas repetitivas,Si,Casi nunca,Motivación,Media,No hay diferencia,Si,Un poco,Medio,"Si, mejora","Ejercicios prácticos / Matemáticas / Programación, Diseño / Creatividad","Música Clásica / Instrumental, Soundtracks (Videojuegos/Películas), Pop / Urbano, Musica nativo americana ","Sí, en un idioma que no entiendo",4,3,5,"Escuchar ruido ambiente (personas, pasillos, etc.)",No uso ninguna estrategia,No uso música para exámenes,Busco una que ya conozco para no distraerme con canciones nuevas,Menos de 5 minutos,Siento que el tiempo pasa más lento.,"Me detengo a escucharla o cantarla, interrumpiendo el estudio.","A veces, solo cuando me cuesta mucho trabajo iniciar la tarea"
5/12/2026 11:23:43,19-23 años,Femenino,Bachillerato o equivalente,De 1 a 2 horas,Casi nunca,No,No,"Materias Lógicas (Matemáticas, Física)",Sí,Me hace sentir más cómodo,No escucho música,Silencio absoluto,No,Tareas fáciles,A veces,Casi siempre,Concentración,Fácil,No,Depende,Me distrae,Alto,No cambia,"Ejercicios prácticos / Matemáticas / Programación, Diseño / Creatividad",Rock / Metal,"Sí, en un idioma que no entiendo",3,2,5,Estudiar en silencio,No uso ninguna estrategia,No uso música para exámenes,Busco una que ya conozco para no distraerme con canciones nuevas,"Nada, uso siempre la misma lista predeterminada",Siento que el tiempo pasa más rápido.,"Me detengo a escucharla o cantarla, interrumpiendo el estudio.","No, la pongo simplemente para que me acompañe una vez que ya empecé"
5/12/2026 11:24:13,19-23 años,Femenino,Licenciatura,Más de 2 horas,Casi siempre,Si,Si,Materias Creativas,Sí,Me hace sentir más cómodo,Con audífonos,Ruido blanco,Sí,Tareas fáciles,Si,Algunas veces,Motivación,Media,No hay diferencia,Si,Un poco,Medio,"Si, mejora",Diseño / Creatividad,Música Clásica / Instrumental,"No, es puramente instrumental",4,3,4,"Escuchar ruido ambiente (personas, pasillos, etc.)",No uso ninguna estrategia,"Sí, elijo música más tranquila o instrumental",Busco música nueva para mantenerme motivado/a,"Nada, uso siempre la misma lista predeterminada",No noto ninguna diferencia en mi percepción del tiempo.,"Me detengo a escucharla o cantarla, interrumpiendo el estudio.","No, la pongo simplemente para que me acompañe una vez que ya empecé"
5/12/2026 11:24:14,19-23 años,Femenino,Licenciatura,Más de 2 horas,A veces,No,Si,Materias Creativas,No,Me hace sentir más cómodo,Con audífonos,Ruido blanco,A veces,Tareas repetitivas,Si,Algunas veces,Motivación,Media,Si,Depende,Un poco,Medio,No cambia,Diseño / Creatividad,"Lo-Fi / Ambient, Pop / Urbano, Rock / Metal","Sí, en un idioma que no entiendo",3,3,4,Estudiar con música y audífonos,No uso ninguna estrategia,"Sí, elijo música más tranquila o instrumental","Uso una lista aleatoria recomendada por la plataforma (Spotify, YouTube, etc.)",Entre 5 y 15 minutos,Siento que el tiempo pasa más rápido.,"La escucho mientras sigo trabajando, pero con menor intensidad","No, la pongo simplemente para que me acompañe una vez que ya empecé"
5/12/2026 11:29:51,19-23 años,Femenino,Licenciatura,De 1 a 2 horas,Casi siempre,Si,Si,Materias Teóricas,Sí,Ambas,Con audífonos,Conversaciones de fondo,Sí,Tareas difíciles,Si,Algunas veces,Energía,Media,Si,Depende,No influye,Medio,No cambia,Ejercicios prácticos / Matemáticas / Programación,"Música Clásica / Instrumental, Soundtracks (Videojuegos/Películas), Lo-Fi / Ambient, Pop / Urbano","Sí, en un idioma que no entiendo",3,3,3,Estudiar con música y audífonos,Desactivo datos o Wi-Fi,"Sí, elijo música más tranquila o instrumental","Uso una lista aleatoria recomendada por la plataforma (Spotify, YouTube, etc.)","Nada, uso siempre la misma lista predeterminada",Siento que el tiempo pasa más rápido.,"La escucho mientras sigo trabajando, pero con menor intensidad","Sí, ponerme los audífonos o la música es lo que le indica a mi cerebro que es hora de trabajar"
5/12/2026 11:31:52,19-23 años,Masculino,Licenciatura,De 1 a 2 horas,Casi nunca,No,No sé,Materias Prácticas,Tal vez,Me hace sentir más cómodo,No escucho música,"Conversaciones de fondo, Silencio absoluto",A veces,Tareas repetitivas,No,Algunas veces,Motivación,Media,No hay diferencia,Depende,Un poco,Medio,No cambia,"Ejercicios prácticos / Matemáticas / Programación, Redacción de textos, Diseño / Creatividad","Música Clásica / Instrumental, Pop / Urbano, Electrónica","Sí, en un idioma que no entiendo",3,3,4,Estudiar con música y audífonos,No escucho música desde el teléfono al estudiar,"Sí, dejo de usar música para concentrarme más","Uso una lista aleatoria recomendada por la plataforma (Spotify, YouTube, etc.)",Menos de 5 minutos,Siento que el tiempo pasa más rápido.,"La escucho mientras sigo trabajando, pero con menor intensidad","No, la pongo simplemente para que me acompañe una vez que ya empecé"
5/12/2026 11:36:09,19-23 años,Femenino,Licenciatura,De 1 a 2 horas,Casi siempre,A veces,Si,Materias Teóricas,Sí,Me hace sentir más cómodo,Con audífonos,Ruido blanco,A veces,Tareas fáciles,A veces,Algunas veces,Energía,Media,No hay diferencia,Depende,Un poco,Medio,"Si, mejora","Lectura / Memorización, Diseño / Creatividad","Música Clásica / Instrumental, Ruido Blanco (White Noise), Rock / Metal","Sí, en un idioma que no entiendo",4,3,5,Estudiar con música y audífonos,No uso ninguna estrategia,"Sí, elijo música más tranquila o instrumental","Uso una lista aleatoria recomendada por la plataforma (Spotify, YouTube, etc.)",Menos de 5 minutos,Siento que el tiempo pasa más rápido.,"La escucho mientras sigo trabajando, pero con menor intensidad","Sí, ponerme los audífonos o la música es lo que le indica a mi cerebro que es hora de trabajar"
5/12/2026 11:37:08,19-23 años,Masculino,Bachillerato o equivalente,De 1 a 2 horas,Siempre,A veces,Más o menos,Materias Teóricas,Sí,Me hace sentir más cómodo,Con audífonos,Silencio absoluto,No,Tareas difíciles,No,Algunas veces,Concentración,Media,No hay diferencia,Depende,Un poco,Medio,No cambia,Redacción de textos,corridos ,"Sí, en un idioma que entiendo",3,2,2,Estudiar en silencio,No uso ninguna estrategia,"No, escucho lo mismo que siempre","Uso una lista aleatoria recomendada por la plataforma (Spotify, YouTube, etc.)",Menos de 5 minutos,Siento que el tiempo pasa más rápido.,La ignoro y mantengo la concentración en la tarea,"A veces, solo cuando me cuesta mucho trabajo iniciar la tarea"
5/12/2026 11:38:16,Mayores de 34 años,Femenino,Posgrado,Más de 2 horas,Casi siempre,A veces,Más o menos,Materias Creativas,Sí,Ambas,Sin audífonos,Silencio absoluto,No,Tareas repetitivas,Si,Algunas veces,Calma,Media,No hay diferencia,Si,Un poco,Bajo,No cambia,Redacción de textos,Música Clásica / Instrumental,"No, es puramente instrumental",3,2,1,Estudiar en silencio,No uso ninguna estrategia,"No, escucho lo mismo que siempre",Busco una que ya conozco para no distraerme con canciones nuevas,Menos de 5 minutos,Siento que el tiempo pasa más rápido.,"La escucho mientras sigo trabajando, pero con menor intensidad","No, la pongo simplemente para que me acompañe una vez que ya empecé"
5/12/2026 11:48:25,19-23 años,Femenino,Bachillerato o equivalente,Más de 2 horas,Siempre,Si,Más o menos,"Materias Lógicas (Matemáticas, Física)",Sí,Me hace sentir más cómodo,Con audífonos,"Ruido blanco, Conversaciones de fondo, Silencio absoluto",Sí,Tareas fáciles,No,Algunas veces,Motivación,Fácil,No,Si,Un poco,Alto,"Si, empeora","Lectura / Memorización, Ejercicios prácticos / Matemáticas / Programación, Redacción de textos, Diseño / Creatividad","Soundtracks (Videojuegos/Películas), Ruido Blanco (White Noise), Pop / Urbano, Rock / Metal","Sí, en un idioma que entiendo",2,1,2,Estudiar con música y audífonos,Uso aplicaciones para bloquear redes sociales,"Sí, dejo de usar música para concentrarme más",Busco una que ya conozco para no distraerme con canciones nuevas,"Nada, uso siempre la misma lista predeterminada",Siento que el tiempo pasa más lento.,La ignoro y mantengo la concentración en la tarea,"Sí, ponerme los audífonos o la música es lo que le indica a mi cerebro que es hora de trabajar"
5/12/2026 11:58:30,19-23 años,Femenino,Licenciatura,Más de 2 horas,A veces,No,Si,Materias Prácticas,Sí,Me hace sentir más cómodo,Sin audífonos,No aplica,Sí,Tareas repetitivas,No,Algunas veces,Energía,Fácil,No hay diferencia,Si,Un poco,Bajo,"Si, mejora","Ejercicios prácticos / Matemáticas / Programación, Diseño / Creatividad","Música Clásica / Instrumental, Soundtracks (Videojuegos/Películas), Pop / Urbano","Sí, en un idioma que entiendo",3,3,4,"Escuchar ruido ambiente (personas, pasillos, etc.)",No uso ninguna estrategia,"No, escucho lo mismo que siempre","No uso playlists, elijo canciones una por una",Entre 5 y 15 minutos,Siento que el tiempo pasa más lento.,"La escucho mientras sigo trabajando, pero con menor intensidad","No, la pongo simplemente para que me acompañe una vez que ya empecé"
5/12/2026 11:59:17,24-28 años,Masculino,Licenciatura,Menos de 1 hora,Nunca,No,Si,Materias Teóricas,Sí,Me hace sentir más cómodo,No escucho música,Silencio absoluto,No,Tareas repetitivas,No,Algunas veces,No pongo ,Fácil,No,Si,Me distrae,Bajo,No cambia,Diseño / Creatividad,Rock / Metal,"Sí, en un idioma que entiendo",3,4,5,"Escuchar ruido ambiente (personas, pasillos, etc.)",No escucho música desde el teléfono al estudiar,No uso música para exámenes,Busco una que ya conozco para no distraerme con canciones nuevas,Menos de 5 minutos,No noto ninguna diferencia en mi percepción del tiempo.,"Me detengo a escucharla o cantarla, interrumpiendo el estudio.","No, la pongo simplemente para que me acompañe una vez que ya empecé"
5/12/2026 12:00:57,19-23 años,Femenino,Licenciatura,Menos de 1 hora,Siempre,No,No,Materias Creativas,Tal vez,Me hace sentir más cómodo,Con audífonos,No aplica,A veces,Mientras me dedeo y no tengo miedo a decirlo. Soy Berenice Rosete Romero y quien quiera verme dedearme que me lo pida.,A veces,Algunas veces,Motivación,Fácil,No hay diferencia,Depende,Un poco,Alto,No cambia,"Lectura / Memorización, Ejercicios prácticos / Matemáticas / Programación","Música Clásica / Instrumental, Pop / Urbano, Electrónica","Sí, en un idioma que entiendo",2,4,2,Estudiar con música y audífonos,No uso ninguna estrategia,"No, escucho lo mismo que siempre",Busco una que ya conozco para no distraerme con canciones nuevas,Más de 15 minutos (a veces procrastino eligiendo la música),Siento que el tiempo pasa más rápido.,"Me detengo a escucharla o cantarla, interrumpiendo el estudio.","No, la pongo simplemente para que me acompañe una vez que ya empecé"
5/12/2026 12:06:24,19-23 años,No binario,Primaria,Menos de 1 hora,Siempre,A veces,Más o menos,"Materias Lógicas (Matemáticas, Física)",Sí,Mejora mi rendimiento,Con audífonos,"Ruido blanco, Silencio absoluto",A veces,Todo ,Si,Nunca,Energía,Media,No hay diferencia,Depende,Influye mucho,Depende,No cambia,"Lectura / Memorización, Ejercicios prácticos / Matemáticas / Programación, Redacción de textos, Diseño / Creatividad","Música Clásica / Instrumental, Soundtracks (Videojuegos/Películas), Ruido Blanco (White Noise), Lo-Fi / Ambient, Pop / Urbano, Rock / Metal, Electrónica","Sí, en un idioma que no entiendo",5,1,4,Estudiar con música y audífonos,No uso ninguna estrategia,"No, escucho lo mismo que siempre",Busco música nueva para mantenerme motivado/a,Más de 15 minutos (a veces procrastino eligiendo la música),No noto ninguna diferencia en mi percepción del tiempo.,La ignoro y mantengo la concentración en la tarea,"No, la pongo simplemente para que me acompañe una vez que ya empecé"
5/12/2026 12:07:18,19-23 años,Masculino,Licenciatura,Más de 2 horas,Casi siempre,Si,No,Materias Creativas,Sí,Mejora mi rendimiento,Con audífonos,Conversaciones de fondo,No,Tareas repetitivas,Si,Algunas veces,Energía,Media,Si,No,Un poco,Alto,"Si, mejora",Diseño / Creatividad,"Ruido Blanco (White Noise), Lo-Fi / Ambient, Rock / Metal, Electrónica","No, es puramente instrumental",4,4,4,Estudiar con música y audífonos,No uso ninguna estrategia,"Si, elijo música más movida","Uso una lista aleatoria recomendada por la plataforma (Spotify, YouTube, etc.)",Entre 5 y 15 minutos,Siento que el tiempo pasa más rápido.,"La escucho mientras sigo trabajando, pero con menor intensidad","Sí, ponerme los audífonos o la música es lo que le indica a mi cerebro que es hora de trabajar"
5/12/2026 12:08:45,19-23 años,Femenino,Licenciatura,Menos de 1 hora,Nunca,No,Más o menos,Materias Prácticas,Sí,Me hace sentir más cómodo,No escucho música,Silencio absoluto,No,Tareas fáciles,No,Casi siempre,N/A,Fácil,No,Si,Me distrae,Bajo,"Si, empeora",Diseño / Creatividad,N/A,"Sí, en un idioma que entiendo",1,4,1,Estudiar en silencio,No escucho música desde el teléfono al estudiar,No uso música para exámenes,"No uso playlists, elijo canciones una por una","Nada, uso siempre la misma lista predeterminada",No noto ninguna diferencia en mi percepción del tiempo.,"Me detengo a escucharla o cantarla, interrumpiendo el estudio.","No, la pongo simplemente para que me acompañe una vez que ya empecé"
5/12/2026 12:10:49,19-23 años,Masculino,Licenciatura,Menos de 1 hora,A veces,Si,No,Materias Creativas,Tal vez,Ambas,Con audífonos,Conversaciones de fondo,No,Tareas repetitivas,No,Casi siempre,Motivación,Fácil,No,No,No influye,Medio,"Si, mejora",Ejercicios prácticos / Matemáticas / Programación,Pop / Urbano,"Sí, en un idioma que no entiendo",3,2,3,Estudiar en silencio,Uso aplicaciones para bloquear redes sociales,No uso música para exámenes,"Uso una lista aleatoria recomendada por la plataforma (Spotify, YouTube, etc.)",Entre 5 y 15 minutos,Siento que el tiempo pasa más rápido.,La ignoro y mantengo la concentración en la tarea,"No, la pongo simplemente para que me acompañe una vez que ya empecé"
5/12/2026 12:14:39,24-28 años,No binario,Licenciatura,Menos de 1 hora,A veces,No,No sé,Materias Creativas,Sí,Ambas,Con audífonos,No aplica,Sí,Tareas repetitivas,Si,Siempre,Motivación,Fácil,No,Si,Me distrae,Medio,No cambia,Diseño / Creatividad,Música Clásica / Instrumental,"Sí, en un idioma que entiendo",3,5,5,Estudiar con música y audífonos,No escucho música desde el teléfono al estudiar,"Sí, elijo música más tranquila o instrumental","Uso una lista aleatoria recomendada por la plataforma (Spotify, YouTube, etc.)","Nada, uso siempre la misma lista predeterminada",Siento que el tiempo pasa más rápido.,"Me detengo a escucharla o cantarla, interrumpiendo el estudio.","No, la pongo simplemente para que me acompañe una vez que ya empecé"
5/12/2026 12:16:31,19-23 años,Masculino,Bachillerato o equivalente,De 1 a 2 horas,Siempre,No,Si,"Materias Lógicas (Matemáticas, Física)",No sé,Me hace sentir más cómodo,Sin audífonos,No aplica,No,Tareas difíciles,Si,Algunas veces,Concentración,Difícil,No hay diferencia,Si,Un poco,Bajo,No cambia,Redacción de textos,Música Clásica / Instrumental,"No, es puramente instrumental",3,5,5,Estudiar en silencio,No uso ninguna estrategia,"Sí, elijo música más tranquila o instrumental",Busco una que ya conozco para no distraerme con canciones nuevas,"Nada, uso siempre la misma lista predeterminada",No noto ninguna diferencia en mi percepción del tiempo.,La ignoro y mantengo la concentración en la tarea,"No, la pongo simplemente para que me acompañe una vez que ya empecé"
5/12/2026 12:18:05,19-23 años,Masculino,Licenciatura,De 1 a 2 horas,Siempre,A veces,Si,Materias Teóricas,Sí,Me hace sentir más cómodo,Sin audífonos,Silencio absoluto,A veces,Tareas difíciles,No,Casi siempre,Motivación,Media,Si,Depende,Un poco,Alto,"Si, mejora",Lectura / Memorización,"Pop / Urbano, Rock / Metal, ","Sí, en un idioma que entiendo",4,5,5,Estudiar con música y audífonos,Activo el modo concentración / no molestar,"No, escucho lo mismo que siempre",Busco una que ya conozco para no distraerme con canciones nuevas,Más de 15 minutos (a veces procrastino eligiendo la música),Siento que el tiempo pasa más rápido.,"La escucho mientras sigo trabajando, pero con menor intensidad","A veces, solo cuando me cuesta mucho trabajo iniciar la tarea"
5/12/2026 12:26:37,19-23 años,Masculino,Licenciatura,De 1 a 2 horas,Casi siempre,Si,Si,Materias Teóricas,Sí,Me hace sentir más cómodo,Sin audífonos,Ruido blanco,No,Tareas difíciles,Si,Algunas veces,Calma,Difícil,Si,Depende,Un poco,Medio,"Si, mejora",Lectura / Memorización,Música Clásica / Instrumental,"No, es puramente instrumental",3,4,3,Estudiar con música y audífonos,No escucho música desde el teléfono al estudiar,"Sí, elijo música más tranquila o instrumental",Busco una que ya conozco para no distraerme con canciones nuevas,Menos de 5 minutos,Siento que el tiempo pasa más rápido.,"La escucho mientras sigo trabajando, pero con menor intensidad","No, la pongo simplemente para que me acompañe una vez que ya empecé"
5/12/2026 12:28:05,19-23 años,Femenino,Licenciatura,Más de 2 horas,Siempre,Si,Si,"Materias Lógicas (Matemáticas, Física)",Sí,Ambas,Con audífonos,Silencio absoluto,Sí,Tareas repetitivas,No,Casi nunca,Motivación,Media,Si,Depende,No influye,Bajo,No cambia,"Lectura / Memorización, Redacción de textos, Diseño / Creatividad","Rock / Metal, Hardcore","Sí, en un idioma que entiendo",5,4,5,Estudiar con música y audífonos,Activo el modo concentración / no molestar,"No, escucho lo mismo que siempre",Busco una que ya conozco para no distraerme con canciones nuevas,"Nada, uso siempre la misma lista predeterminada",No noto ninguna diferencia en mi percepción del tiempo.,La ignoro y mantengo la concentración en la tarea,"A veces, solo cuando me cuesta mucho trabajo iniciar la tarea"
5/12/2026 12:32:57,19-23 años,Masculino,Licenciatura,Más de 2 horas,A veces,No,Más o menos,Materias Creativas,Sí,Me hace sentir más cómodo,Con audífonos,Silencio absoluto,Sí,Tareas repetitivas,No,Siempre,Energía,Media,No hay diferencia,Si,Me distrae,Medio,No cambia,Diseño / Creatividad,Pop / Urbano,"Sí, en un idioma que entiendo",2,5,3,Estudiar en silencio,No uso ninguna estrategia,"No, escucho lo mismo que siempre",Busco una que ya conozco para no distraerme con canciones nuevas,Entre 5 y 15 minutos,Siento que el tiempo pasa más rápido.,"Me detengo a escucharla o cantarla, interrumpiendo el estudio.","No, la pongo simplemente para que me acompañe una vez que ya empecé"
5/12/2026 12:36:30,19-23 años,Femenino,Licenciatura,Más de 2 horas,Siempre,No,Si,Materias Creativas,Sí,Ninguna,Con audífonos,Silencio absoluto,A veces,Tareas fáciles,No,Algunas veces,Energía,Fácil,No,Si,Me distrae,Alto,"Si, empeora",Diseño / Creatividad,"Pop / Urbano, Electrónica","Sí, en un idioma que entiendo",2,4,5,Estudiar en silencio,Activo el modo concentración / no molestar,No uso música para exámenes,"Uso una lista aleatoria recomendada por la plataforma (Spotify, YouTube, etc.)",Menos de 5 minutos,Siento que el tiempo pasa más rápido.,"La escucho mientras sigo trabajando, pero con menor intensidad","No, la pongo simplemente para que me acompañe una vez que ya empecé"
5/12/2026 12:37:17,19-23 años,Femenino,Licenciatura,Más de 2 horas,Casi siempre,No,Más o menos,Materias Creativas,Tal vez,Me hace sentir más cómodo,Con audífonos,"Ruido blanco, Silencio absoluto",A veces,Tareas fáciles,Si,Algunas veces,Motivación,Fácil,No hay diferencia,Si,Influye mucho,Medio,No cambia,"Redacción de textos, Diseño / Creatividad","Música Clásica / Instrumental, Ruido Blanco (White Noise)","No, es puramente instrumental",4,2,5,Estudiar con música y audífonos,Activo el modo concentración / no molestar,"Sí, elijo música más tranquila o instrumental","Uso una lista aleatoria recomendada por la plataforma (Spotify, YouTube, etc.)",Menos de 5 minutos,Siento que el tiempo pasa más rápido.,"Me detengo a escucharla o cantarla, interrumpiendo el estudio.","A veces, solo cuando me cuesta mucho trabajo iniciar la tarea"
5/12/2026 12:37:43,19-23 años,Femenino,Licenciatura,Más de 2 horas,A veces,A veces,Más o menos,Materias Creativas,No sé,Me hace sentir más cómodo,No escucho música,"Ruido blanco, Conversaciones de fondo",A veces,Tareas fáciles,A veces,Algunas veces,Energía,Fácil,No hay diferencia,Depende,Un poco,Depende,No cambia,Diseño / Creatividad,Pop / Urbano,"Sí, en un idioma que no entiendo",2,3,3,Estudiar con música y audífonos,Uso aplicaciones para bloquear redes sociales,No uso música para exámenes,"Uso una lista aleatoria recomendada por la plataforma (Spotify, YouTube, etc.)",Menos de 5 minutos,No noto ninguna diferencia en mi percepción del tiempo.,"La escucho mientras sigo trabajando, pero con menor intensidad","No, la pongo simplemente para que me acompañe una vez que ya empecé"
5/12/2026 12:38:54,19-23 años,Femenino,Bachillerato o equivalente,Más de 2 horas,Siempre,Si,Si,"Materias Lógicas (Matemáticas, Física)",Sí,Mejora mi rendimiento,Con audífonos,Silencio absoluto,Sí,Todo el dia,Si,Casi nunca,Energía,Difícil,Si,Si,Influye mucho,Alto,"Si, mejora",Ninguna,"Música Clásica / Instrumental, Soundtracks (Videojuegos/Películas), Lo-Fi / Ambient, Pop / Urbano, Rock / Metal, Electrónica, CUMBIA SONIDERA,CORRIDOS TUMBADOS,GUTURALES ,OPERA","Sí, en un idioma que entiendo",5,5,5,Estudiar con música y audífonos,Desactivo datos o Wi-Fi,"Si, elijo música más movida",Busco música nueva para mantenerme motivado/a,"Nada, uso siempre la misma lista predeterminada",Siento que el tiempo pasa más rápido.,"La escucho mientras sigo trabajando, pero con menor intensidad","No, la pongo simplemente para que me acompañe una vez que ya empecé"
5/12/2026 12:40:12,Menor de 18 años,Masculino,Bachillerato o equivalente,Más de 2 horas,A veces,Si,No sé,Materias Creativas,No sé,Me hace sentir más cómodo,Con audífonos,No aplica,No,Tareas fáciles,Si,Algunas veces,Concentración,Media,No hay diferencia,Si,No influye,Medio,No cambia,"Ejercicios prácticos / Matemáticas / Programación, Diseño / Creatividad","Música Clásica / Instrumental, Ruido Blanco (White Noise), Lo-Fi / Ambient, Pop / Urbano, Rock / Metal, Electrónica","Sí, en un idioma que entiendo",2,2,1,"Escuchar ruido ambiente (personas, pasillos, etc.)",Uso aplicaciones para bloquear redes sociales,"Sí, elijo música más tranquila o instrumental",Busco una que ya conozco para no distraerme con canciones nuevas,"Nada, uso siempre la misma lista predeterminada",Siento que el tiempo pasa más lento.,"La escucho mientras sigo trabajando, pero con menor intensidad","A veces, solo cuando me cuesta mucho trabajo iniciar la tarea"
5/12/2026 12:43:02,19-23 años,Femenino,Licenciatura,De 1 a 2 horas,Siempre,A veces,Si,Materias Teóricas,Sí,Me hace sentir más cómodo,Con audífonos,No aplica,A veces,Tareas repetitivas,A veces,Algunas veces,Motivación,Media,Si,Si,Un poco,Bajo,"Si, mejora","Lectura / Memorización, Ejercicios prácticos / Matemáticas / Programación","Música Clásica / Instrumental, Pop / Urbano, Rock / Metal","Sí, en un idioma que entiendo",4,3,5,Estudiar con música y audífonos,Activo el modo concentración / no molestar,"Sí, elijo música más tranquila o instrumental","Uso una lista aleatoria recomendada por la plataforma (Spotify, YouTube, etc.)",Menos de 5 minutos,Siento que el tiempo pasa más rápido.,"Me detengo a escucharla o cantarla, interrumpiendo el estudio.","Sí, ponerme los audífonos o la música es lo que le indica a mi cerebro que es hora de trabajar"
5/12/2026 12:43:33,19-23 años,Femenino,Licenciatura,De 1 a 2 horas,Casi siempre,Si,Si,Materias Teóricas,Sí,Me hace sentir más cómodo,Sin audífonos,No aplica,No,Siempre,No,Algunas veces,Energía,Media,No hay diferencia,No,No influye,Medio,No cambia,Lectura / Memorización,Pop / Urbano,"Sí, en un idioma que no entiendo",3,2,5,Estudiar en silencio,No uso ninguna estrategia,"Sí, elijo música más tranquila o instrumental","No uso playlists, elijo canciones una por una",Menos de 5 minutos,Siento que el tiempo pasa más rápido.,"La escucho mientras sigo trabajando, pero con menor intensidad","No, la pongo simplemente para que me acompañe una vez que ya empecé"
5/12/2026 12:44:02,Mayores de 34 años,Femenino,Posgrado,De 1 a 2 horas,A veces,A veces,Si,Materias Creativas,Sí,Ambas,No escucho música,Silencio absoluto,No,Tareas repetitivas,Si,Algunas veces,Motivación,Media,No,Si,Un poco,Bajo,"Si, mejora",Diseño / Creatividad,Soundtracks (Videojuegos/Películas),"No, es puramente instrumental",4,3,4,Estudiar en silencio,No uso ninguna estrategia,No uso música para exámenes,"Uso una lista aleatoria recomendada por la plataforma (Spotify, YouTube, etc.)",Menos de 5 minutos,Siento que el tiempo pasa más rápido.,La cambio porque sé que me va a distraer,"A veces, solo cuando me cuesta mucho trabajo iniciar la tarea"
5/12/2026 12:45:26,19-23 años,Masculino,Licenciatura,De 1 a 2 horas,Siempre,No,Si,Materias Teóricas,Sí,Me hace sentir más cómodo,Con audífonos,Silencio absoluto,Sí,Tareas repetitivas,No,Casi siempre,Motivación,Difícil,No hay diferencia,Si,Un poco,Medio,No cambia,"Lectura / Memorización, Diseño / Creatividad","Pop / Urbano, Rock / Metal","Sí, en un idioma que entiendo",4,5,5,Estudiar con música y audífonos,No uso ninguna estrategia,"No, escucho lo mismo que siempre",Busco una que ya conozco para no distraerme con canciones nuevas,Entre 5 y 15 minutos,Siento que el tiempo pasa más rápido.,"Me detengo a escucharla o cantarla, interrumpiendo el estudio.","No, la pongo simplemente para que me acompañe una vez que ya empecé"
5/12/2026 12:50:42,19-23 años,Femenino,Licenciatura,De 1 a 2 horas,Casi siempre,A veces,Si,Materias Prácticas,Sí,Me hace sentir más cómodo,Con audífonos,Silencio absoluto,Sí,Tareas repetitivas,A veces,Algunas veces,Motivación,Fácil,No hay diferencia,Si,Un poco,Medio,"Si, empeora","Redacción de textos, Diseño / Creatividad","Música Clásica / Instrumental, Soundtracks (Videojuegos/Películas), Pop / Urbano","Sí, en un idioma que no entiendo",3,5,4,Estudiar con música y audífonos,Activo el modo concentración / no molestar,No uso música para exámenes,Busco una que ya conozco para no distraerme con canciones nuevas,Más de 15 minutos (a veces procrastino eligiendo la música),Siento que el tiempo pasa más rápido.,"Me detengo a escucharla o cantarla, interrumpiendo el estudio.","No, la pongo simplemente para que me acompañe una vez que ya empecé"
5/12/2026 12:54:48,19-23 años,Femenino,Licenciatura,Más de 2 horas,A veces,A veces,Si,Materias Teóricas,Sí,Ambas,Con audífonos,Silencio absoluto,Sí,Tareas difíciles,No,Casi nunca,Energía,Difícil,Si,Si,Un poco,Depende,"Si, mejora",Lectura / Memorización,Pop / Urbano,"Sí, en un idioma que entiendo",4,2,5,Estudiar con música y audífonos,Desactivo datos o Wi-Fi,"Sí, elijo música más tranquila o instrumental",Busco una que ya conozco para no distraerme con canciones nuevas,"Nada, uso siempre la misma lista predeterminada",Siento que el tiempo pasa más rápido.,La ignoro y mantengo la concentración en la tarea,"Sí, ponerme los audífonos o la música es lo que le indica a mi cerebro que es hora de trabajar"
5/12/2026 12:55:31,19-23 años,Masculino,Licenciatura,De 1 a 2 horas,A veces,No,Si,Materias Prácticas,Sí,Me hace sentir más cómodo,Con audífonos,Silencio absoluto,A veces,Tareas fáciles,A veces,Casi siempre,Calma,Fácil,No,Si,Me distrae,Medio,No cambia,"Ejercicios prácticos / Matemáticas / Programación, Diseño / Creatividad","Soundtracks (Videojuegos/Películas), Lo-Fi / Ambient, Pop / Urbano, Rock / Metal, Electrónica","Sí, en un idioma que entiendo",3,3,5,Estudiar con música y audífonos,Desactivo datos o Wi-Fi,"Sí, elijo música más tranquila o instrumental",Busco una que ya conozco para no distraerme con canciones nuevas,"Nada, uso siempre la misma lista predeterminada",No noto ninguna diferencia en mi percepción del tiempo.,"Me detengo a escucharla o cantarla, interrumpiendo el estudio.","No, la pongo simplemente para que me acompañe una vez que ya empecé"
5/12/2026 13:15:53,19-23 años,Femenino,Licenciatura,De 1 a 2 horas,Nunca,No,No sé,Materias Creativas,Sí,Me hace sentir más cómodo,No escucho música,Silencio absoluto,No,Escucho música cuando hago otra cosa que no sea estudiar porque me distraigo ,No,Siempre,Concentración,Fácil,No,No,Me distrae,Bajo,"Si, empeora","Redacción de textos, Diseño / Creatividad",Nada,"Sí, en un idioma que entiendo",1,5,3,Estudiar en silencio,Activo el modo concentración / no molestar,No uso música para exámenes,"No uso playlists, elijo canciones una por una",Menos de 5 minutos,No noto ninguna diferencia en mi percepción del tiempo.,"Me detengo a escucharla o cantarla, interrumpiendo el estudio.","A veces, solo cuando me cuesta mucho trabajo iniciar la tarea"
5/12/2026 13:21:22,Mayores de 34 años,Masculino,Posgrado,Más de 2 horas,Casi siempre,A veces,Más o menos,"Materias Lógicas (Matemáticas, Física)",Sí,Ambas,Sin audífonos,Ruido blanco,No,Tareas fáciles,Si,Algunas veces,Concentración,Difícil,Si,No,Un poco,Medio,"Si, mejora",Lectura / Memorización,Música Clásica / Instrumental,"No, es puramente instrumental",4,4,3,Estudiar en silencio,No uso ninguna estrategia,"Sí, elijo música más tranquila o instrumental","No uso playlists, elijo canciones una por una",Menos de 5 minutos,Siento que el tiempo pasa más lento.,La ignoro y mantengo la concentración en la tarea,"No, la pongo simplemente para que me acompañe una vez que ya empecé"
5/12/2026 13:33:04,19-23 años,Masculino,Licenciatura,De 1 a 2 horas,Casi siempre,Si,Más o menos,Materias Teóricas,Tal vez,Me hace sentir más cómodo,Sin audífonos,Conversaciones de fondo,Sí,Tareas repetitivas,No,Casi nunca,Energía,Difícil,Si,No,Un poco,Medio,No cambia,Lectura / Memorización,Pop / Urbano,"Sí, en un idioma que entiendo",4,3,3,Estudiar con música y audífonos,No uso ninguna estrategia,"Si, elijo música más movida","Uso una lista aleatoria recomendada por la plataforma (Spotify, YouTube, etc.)",Entre 5 y 15 minutos,Siento que el tiempo pasa más lento.,"La escucho mientras sigo trabajando, pero con menor intensidad","No, la pongo simplemente para que me acompañe una vez que ya empecé"
5/12/2026 13:58:39,19-23 años,Masculino,Licenciatura,Más de 2 horas,A veces,A veces,Si,Materias Teóricas,Sí,Mejora mi rendimiento,Con audífonos,No aplica,Sí,Tareas repetitivas,No,Nunca,Calma,Difícil,Si,Si,Un poco,Medio,"Si, mejora",Lectura / Memorización,Música Clásica / Instrumental,"Sí, en un idioma que entiendo",4,5,4,Estudiar con música y audífonos,Activo el modo concentración / no molestar,"Sí, elijo música más tranquila o instrumental",Busco una que ya conozco para no distraerme con canciones nuevas,Menos de 5 minutos,Siento que el tiempo pasa más rápido.,"La escucho mientras sigo trabajando, pero con menor intensidad","Sí, ponerme los audífonos o la música es lo que le indica a mi cerebro que es hora de trabajar"
5/12/2026 14:00:22,19-23 años,Femenino,Licenciatura,De 1 a 2 horas,A veces,A veces,Si,Materias Teóricas,Sí,Me hace sentir más cómodo,Con audífonos,Conversaciones de fondo,A veces,Tareas fáciles,No,Algunas veces,Motivación,Fácil,Si,Depende,Un poco,Depende,"Si, mejora",Ejercicios prácticos / Matemáticas / Programación,Pop / Urbano,"Sí, en un idioma que no entiendo",3,3,4,Estudiar con música y audífonos,Desactivo datos o Wi-Fi,No uso música para exámenes,Busco una que ya conozco para no distraerme con canciones nuevas,Entre 5 y 15 minutos,No noto ninguna diferencia en mi percepción del tiempo.,"La escucho mientras sigo trabajando, pero con menor intensidad","No, la pongo simplemente para que me acompañe una vez que ya empecé"
5/12/2026 14:01:34,19-23 años,Femenino,Licenciatura,Menos de 1 hora,Siempre,No,Si,"Materias Lógicas (Matemáticas, Física)",Sí,Me hace sentir más cómodo,Con audífonos,"Ruido blanco, Conversaciones de fondo",No,Tareas repetitivas,A veces,Nunca,Calma,Difícil,No hay diferencia,Depende,No influye,Depende,No cambia,"Lectura / Memorización, Ejercicios prácticos / Matemáticas / Programación, Diseño / Creatividad","Rock / Metal, Electrónica","Sí, en un idioma que entiendo",5,2,5,Estudiar con música y audífonos,No uso ninguna estrategia,"No, escucho lo mismo que siempre",Busco una que ya conozco para no distraerme con canciones nuevas,"Nada, uso siempre la misma lista predeterminada",Siento que el tiempo pasa más rápido.,"La escucho mientras sigo trabajando, pero con menor intensidad","No, la pongo simplemente para que me acompañe una vez que ya empecé"
5/12/2026 14:05:00,19-23 años,Masculino,Licenciatura,Menos de 1 hora,Siempre,No,No,Materias Prácticas,Tal vez,Me hace sentir más cómodo,Sin audífonos,Silencio absoluto,A veces,Tareas repetitivas,Si,Siempre,Motivación,Media,No,No,Me distrae,Medio,No cambia,"Redacción de textos, Diseño / Creatividad",Lo-Fi / Ambient,"Sí, en un idioma que no entiendo",5,5,2,Estudiar con música y audífonos,No uso ninguna estrategia,"No, escucho lo mismo que siempre","No uso playlists, elijo canciones una por una",Menos de 5 minutos,Siento que el tiempo pasa más rápido.,"Me detengo a escucharla o cantarla, interrumpiendo el estudio.","No, la pongo simplemente para que me acompañe una vez que ya empecé"
5/12/2026 14:05:32,Menor de 18 años,Prefiero no decirlo,Posgrado,Más de 2 horas,Casi siempre,No,No,Materias Creativas,Tal vez,Me hace sentir más cómodo,Con audífonos,"Ruido blanco, Conversaciones de fondo",A veces,Tareas fáciles,No,Algunas veces,Energía,Difícil,No,No,Un poco,Medio,No cambia,"Lectura / Memorización, Diseño / Creatividad",Música Clásica / Instrumental,"Sí, en un idioma que entiendo",3,3,3,Estudiar con música y audífonos,Activo el modo concentración / no molestar,"Si, elijo música más movida",Busco una que ya conozco para no distraerme con canciones nuevas,Más de 15 minutos (a veces procrastino eligiendo la música),Siento que el tiempo pasa más rápido.,"Me detengo a escucharla o cantarla, interrumpiendo el estudio.","No, la pongo simplemente para que me acompañe una vez que ya empecé"
5/12/2026 14:10:56,19-23 años,Femenino,Licenciatura,Más de 2 horas,Siempre,Si,Más o menos,"Materias Lógicas (Matemáticas, Física)",Tal vez,Mejora mi rendimiento,Con audífonos,Ruido blanco,Sí,Tareas repetitivas,No,Algunas veces,Evitar el silencio,Difícil,Si,Si,Un poco,Bajo,"Si, mejora","Lectura / Memorización, Ejercicios prácticos / Matemáticas / Programación","Lo-Fi / Ambient, Pop / Urbano","Sí, en un idioma que entiendo",5,3,5,Estudiar con música y audífonos,Activo el modo concentración / no molestar,"Sí, elijo música más tranquila o instrumental",Busco una que ya conozco para no distraerme con canciones nuevas,"Nada, uso siempre la misma lista predeterminada",Siento que el tiempo pasa más rápido.,"La escucho mientras sigo trabajando, pero con menor intensidad","No, la pongo simplemente para que me acompañe una vez que ya empecé"
5/12/2026 14:23:00,24-28 años,Femenino,Licenciatura,Más de 2 horas,Casi siempre,No,Si,Materias Creativas,Sí,Mejora mi rendimiento,Con audífonos,No aplica,Sí,Tareas repetitivas,No,Casi siempre,Energía,Media,No hay diferencia,Si,Influye mucho,Medio,"Si, mejora","Ejercicios prácticos / Matemáticas / Programación, Diseño / Creatividad","Lo-Fi / Ambient, Pop / Urbano, Electrónica","Sí, en un idioma que entiendo",4,5,4,"Escuchar ruido ambiente (personas, pasillos, etc.)",Activo el modo concentración / no molestar,"Sí, elijo música más tranquila o instrumental",Busco música nueva para mantenerme motivado/a,Más de 15 minutos (a veces procrastino eligiendo la música),Siento que el tiempo pasa más rápido.,"Me detengo a escucharla o cantarla, interrumpiendo el estudio.","Sí, ponerme los audífonos o la música es lo que le indica a mi cerebro que es hora de trabajar"
5/12/2026 14:27:07,Menor de 18 años,Masculino,Bachillerato o equivalente,De 1 a 2 horas,Siempre,Si,Si,"Materias Lógicas (Matemáticas, Física)",Sí,Mejora mi rendimiento,Con audífonos,No aplica,A veces,Tareas difíciles,A veces,Nunca,Motivación,Difícil,Si,No,Influye mucho,Depende,"Si, mejora","Lectura / Memorización, Ejercicios prácticos / Matemáticas / Programación, Redacción de textos, Diseño / Creatividad","Música Clásica / Instrumental, Soundtracks (Videojuegos/Películas), Lo-Fi / Ambient, Pop / Urbano, Electrónica","Sí, en un idioma que entiendo",5,2,4,Estudiar con música y audífonos,Activo el modo concentración / no molestar,"No, escucho lo mismo que siempre","Uso una lista aleatoria recomendada por la plataforma (Spotify, YouTube, etc.)",Entre 5 y 15 minutos,Siento que el tiempo pasa más rápido.,"La escucho mientras sigo trabajando, pero con menor intensidad","Sí, ponerme los audífonos o la música es lo que le indica a mi cerebro que es hora de trabajar"
5/12/2026 14:33:31,24-28 años,Femenino,Licenciatura,De 1 a 2 horas,Casi siempre,A veces,Más o menos,Materias Creativas,Sí,Me hace sentir más cómodo,Con audífonos,Silencio absoluto,A veces,Tareas difíciles,A veces,Casi nunca,Energía,Media,No hay diferencia,Depende,Un poco,Depende,No cambia,"Lectura / Memorización, Ejercicios prácticos / Matemáticas / Programación, Redacción de textos, Diseño / Creatividad","Música Clásica / Instrumental, Pop / Urbano, Rock / Metal, Electrónica","Sí, en un idioma que no entiendo",4,4,5,Estudiar con música y audífonos,No uso ninguna estrategia,"No, escucho lo mismo que siempre","No uso playlists, elijo canciones una por una","Nada, uso siempre la misma lista predeterminada",Siento que el tiempo pasa más rápido.,"La escucho mientras sigo trabajando, pero con menor intensidad","A veces, solo cuando me cuesta mucho trabajo iniciar la tarea"
5/12/2026 14:37:35,Menor de 18 años,Masculino,Bachillerato o equivalente,Menos de 1 hora,A veces,A veces,Si,"Materias Lógicas (Matemáticas, Física)",Sí,Me hace sentir más cómodo,Con audífonos,Silencio absoluto,A veces,Tareas difíciles,A veces,Casi nunca,Motivación,Difícil,Si,Depende,Un poco,Medio,No cambia,Ejercicios prácticos / Matemáticas / Programación,"Soundtracks (Videojuegos/Películas), Pop / Urbano, Rock / Metal","Sí, en un idioma que entiendo",3,2,5,Estudiar en silencio,No escucho música desde el teléfono al estudiar,No uso música para exámenes,Busco una que ya conozco para no distraerme con canciones nuevas,"Nada, uso siempre la misma lista predeterminada",Siento que el tiempo pasa más rápido.,"La escucho mientras sigo trabajando, pero con menor intensidad","A veces, solo cuando me cuesta mucho trabajo iniciar la tarea"
5/12/2026 14:46:27,Mayores de 34 años,Femenino,Licenciatura,De 1 a 2 horas,A veces,No,No,Materias Creativas,Sí,Me hace sentir más cómodo,Con audífonos,Silencio absoluto,No,Tareas repetitivas,Si,Casi nunca,Evitar el silencio,Fácil,No hay diferencia,Si,Influye mucho,Depende,"Si, mejora",Diseño / Creatividad,Pop / Urbano,"Sí, en un idioma que entiendo",4,1,4,"Escuchar ruido ambiente (personas, pasillos, etc.)",No uso ninguna estrategia,"No, escucho lo mismo que siempre",Busco una que ya conozco para no distraerme con canciones nuevas,"Nada, uso siempre la misma lista predeterminada",Siento que el tiempo pasa más rápido.,"Me detengo a escucharla o cantarla, interrumpiendo el estudio.","A veces, solo cuando me cuesta mucho trabajo iniciar la tarea"
5/12/2026 14:48:29,19-23 años,Masculino,Bachillerato o equivalente,Menos de 1 hora,A veces,No,Si,Materias Prácticas,Tal vez,Me hace sentir más cómodo,No escucho música,Silencio absoluto,A veces,Tareas repetitivas,No,Algunas veces,Motivación,Media,No hay diferencia,Depende,Me distrae,Bajo,No cambia,"Ejercicios prácticos / Matemáticas / Programación, Redacción de textos","Soundtracks (Videojuegos/Películas), Pop / Urbano, Rock / Metal","Sí, en un idioma que entiendo",3,5,4,Estudiar con música y audífonos,No uso ninguna estrategia,"Si, elijo música más movida","No uso playlists, elijo canciones una por una",Menos de 5 minutos,Siento que el tiempo pasa más rápido.,"La escucho mientras sigo trabajando, pero con menor intensidad","No, la pongo simplemente para que me acompañe una vez que ya empecé"
5/12/2026 15:03:20,Mayores de 34 años,Femenino,Licenciatura,De 1 a 2 horas,Casi nunca,No,Más o menos,Materias Creativas,Sí,Ambas,Sin audífonos,Ruido blanco,Sí,Tareas repetitivas,No,Algunas veces,Energía,Difícil,No hay diferencia,Depende,Influye mucho,Medio,"Si, mejora",Ninguna,Rock / Metal,"Sí, en un idioma que no entiendo",3,2,5,Estudiar con música y audífonos,No uso ninguna estrategia,"No, escucho lo mismo que siempre","No uso playlists, elijo canciones una por una",Menos de 5 minutos,Siento que el tiempo pasa más rápido.,"La escucho mientras sigo trabajando, pero con menor intensidad","No, la pongo simplemente para que me acompañe una vez que ya empecé"
5/12/2026 15:32:15,19-23 años,Masculino,Licenciatura,Menos de 1 hora,Casi siempre,No,Más o menos,Materias Teóricas,No,Me hace sentir más cómodo,Sin audífonos,Conversaciones de fondo,No,Tareas repetitivas,Si,Algunas veces,Concentración,Difícil,Si,No,Un poco,Medio,"Si, mejora","Lectura / Memorización, Diseño / Creatividad",Blues ,"Sí, en un idioma que no entiendo",3,4,2,"Escuchar ruido ambiente (personas, pasillos, etc.)",No uso ninguna estrategia,No uso música para exámenes,Busco una que ya conozco para no distraerme con canciones nuevas,Menos de 5 minutos,Siento que el tiempo pasa más lento.,"La escucho mientras sigo trabajando, pero con menor intensidad","No, la pongo simplemente para que me acompañe una vez que ya empecé"
5/12/2026 15:48:16,19-23 años,Femenino,Licenciatura,Menos de 1 hora,Casi siempre,A veces,Más o menos,Materias Prácticas,Sí,Me hace sentir más cómodo,Sin audífonos,No aplica,A veces,Tareas repetitivas,A veces,Algunas veces,Evitar el silencio,Media,No,Si,Influye mucho,Medio,No cambia,Diseño / Creatividad,Soundtracks (Videojuegos/Películas),"Sí, en un idioma que entiendo",3,5,3,"Escuchar ruido ambiente (personas, pasillos, etc.)",No uso ninguna estrategia,No uso música para exámenes,Busco una que ya conozco para no distraerme con canciones nuevas,"Nada, uso siempre la misma lista predeterminada",Siento que el tiempo pasa más rápido.,"La escucho mientras sigo trabajando, pero con menor intensidad","No, la pongo simplemente para que me acompañe una vez que ya empecé"
5/12/2026 15:59:56,24-28 años,Masculino,Bachillerato o equivalente,Menos de 1 hora,Casi siempre,A veces,Más o menos,Materias Prácticas,Tal vez,Ambas,Con audífonos,Silencio absoluto,A veces,Tareas fáciles,No,Casi nunca,Energía,Fácil,Si,Depende,No influye,Depende,No cambia,Diseño / Creatividad,"Música Clásica / Instrumental, Soundtracks (Videojuegos/Películas), Ruido Blanco (White Noise), Lo-Fi / Ambient, Pop / Urbano, Rock / Metal, Electrónica, R&B","Sí, en un idioma que entiendo",4,4,5,Estudiar con música y audífonos,No uso ninguna estrategia,"Si, elijo música más movida","Uso una lista aleatoria recomendada por la plataforma (Spotify, YouTube, etc.)","Nada, uso siempre la misma lista predeterminada",No noto ninguna diferencia en mi percepción del tiempo.,"Me detengo a escucharla o cantarla, interrumpiendo el estudio.","No, la pongo simplemente para que me acompañe una vez que ya empecé"
5/12/2026 16:00:23,19-23 años,Femenino,Licenciatura,De 1 a 2 horas,Nunca,No,No sé,Materias Creativas,No,Ninguna,No escucho música,Silencio absoluto,Sí,Tareas fáciles,Si,Siempre,Concentración,Fácil,No,Si,Me distrae,Depende,No cambia,Diseño / Creatividad,"Música Clásica / Instrumental, Lo-Fi / Ambient, Pop / Urbano, Electrónica","Sí, en un idioma que entiendo",1,5,3,"Escuchar ruido ambiente (personas, pasillos, etc.)",No uso ninguna estrategia,No uso música para exámenes,Busco una que ya conozco para no distraerme con canciones nuevas,Menos de 5 minutos,No noto ninguna diferencia en mi percepción del tiempo.,"Me detengo a escucharla o cantarla, interrumpiendo el estudio.","No, la pongo simplemente para que me acompañe una vez que ya empecé"
5/12/2026 16:10:54,19-23 años,Masculino,Licenciatura,De 1 a 2 horas,A veces,A veces,No sé,Materias Creativas,Sí,Ambas,Con audífonos,No aplica,A veces,Tareas repetitivas,A veces,Nunca,Energía,Media,No hay diferencia,Si,Un poco,Medio,No cambia,"Ejercicios prácticos / Matemáticas / Programación, Diseño / Creatividad","Soundtracks (Videojuegos/Películas), Rock / Metal","Sí, en un idioma que entiendo",3,2,5,Estudiar con música y audífonos,Activo el modo concentración / no molestar,"No, escucho lo mismo que siempre","Uso una lista aleatoria recomendada por la plataforma (Spotify, YouTube, etc.)",Menos de 5 minutos,Siento que el tiempo pasa más rápido.,"Me detengo a escucharla o cantarla, interrumpiendo el estudio.","No, la pongo simplemente para que me acompañe una vez que ya empecé"
5/12/2026 17:07:54,Menor de 18 años,Femenino,Bachillerato o equivalente,Más de 2 horas,Casi siempre,No,Si,Materias Creativas,Sí,Ambas,Con audífonos,No aplica,Sí,Tareas difíciles,A veces,Casi nunca,Motivación,Difícil,Si,Depende,Influye mucho,Alto,"Si, mejora",Ejercicios prácticos / Matemáticas / Programación,De todo tipo,"Sí, en un idioma que entiendo",4,1,5,Estudiar con música y audífonos,No uso ninguna estrategia,No uso música para exámenes,"Uso una lista aleatoria recomendada por la plataforma (Spotify, YouTube, etc.)","Nada, uso siempre la misma lista predeterminada",Siento que el tiempo pasa más rápido.,"La escucho mientras sigo trabajando, pero con menor intensidad","Sí, ponerme los audífonos o la música es lo que le indica a mi cerebro que es hora de trabajar"
5/12/2026 17:42:55,19-23 años,Masculino,Bachillerato o equivalente,De 1 a 2 horas,A veces,No,Más o menos,Materias Creativas,Tal vez,Me hace sentir más cómodo,Sin audífonos,Silencio absoluto,A veces,Tareas fáciles,A veces,Casi siempre,Calma,Fácil,No hay diferencia,Si,Me distrae,Medio,No cambia,Diseño / Creatividad,"Música Clásica / Instrumental, Pop / Urbano, Electrónica","Sí, en un idioma que entiendo",2,4,1,Estudiar en silencio,No uso ninguna estrategia,"Sí, elijo música más tranquila o instrumental",Busco una que ya conozco para no distraerme con canciones nuevas,Entre 5 y 15 minutos,Siento que el tiempo pasa más rápido.,"La escucho mientras sigo trabajando, pero con menor intensidad","No, la pongo simplemente para que me acompañe una vez que ya empecé"
5/12/2026 18:23:36,Menor de 18 años,Masculino,Bachillerato o equivalente,Menos de 1 hora,Siempre,Si,Si,"Materias Lógicas (Matemáticas, Física)",Sí,Ambas,Con audífonos,No aplica,A veces,Tareas repetitivas,No,Nunca,Concentración,Media,Si,Depende,Un poco,Medio,"Si, mejora",Ejercicios prácticos / Matemáticas / Programación,"Lo-Fi / Ambient, Pop / Urbano, Rock / Metal, Electrónica","Sí, en un idioma que entiendo",3,3,3,Estudiar con música y audífonos,No uso ninguna estrategia,"No, escucho lo mismo que siempre",Busco una que ya conozco para no distraerme con canciones nuevas,"Nada, uso siempre la misma lista predeterminada",Siento que el tiempo pasa más rápido.,"La escucho mientras sigo trabajando, pero con menor intensidad","Sí, ponerme los audífonos o la música es lo que le indica a mi cerebro que es hora de trabajar"
5/12/2026 18:36:17,19-23 años,Femenino,Licenciatura,De 1 a 2 horas,Casi siempre,A veces,Si,Materias Prácticas,Sí,Me hace sentir más cómodo,Sin audífonos,No aplica,Sí,Tareas difíciles,A veces,Algunas veces,Energía,Media,Si,Depende,Un poco,Alto,No cambia,Ejercicios prácticos / Matemáticas / Programación,Pop / Urbano,"Sí, en un idioma que no entiendo",4,4,3,Estudiar con música y audífonos,Activo el modo concentración / no molestar,"No, escucho lo mismo que siempre","Uso una lista aleatoria recomendada por la plataforma (Spotify, YouTube, etc.)",Entre 5 y 15 minutos,Siento que el tiempo pasa más rápido.,"La escucho mientras sigo trabajando, pero con menor intensidad","Sí, ponerme los audífonos o la música es lo que le indica a mi cerebro que es hora de trabajar"
5/12/2026 18:46:44,Mayores de 34 años,Masculino,Bachillerato o equivalente,Menos de 1 hora,Casi siempre,A veces,Más o menos,"Materias Lógicas (Matemáticas, Física)",Sí,Ambas,Sin audífonos,No aplica,No,Tareas difíciles,Si,Algunas veces,Evitar el silencio,Difícil,Si,Depende,Un poco,Bajo,"Si, mejora","Lectura / Memorización, Ejercicios prácticos / Matemáticas / Programación, Diseño / Creatividad","Música Clásica / Instrumental, Soundtracks (Videojuegos/Películas)","No, es puramente instrumental",4,4,4,Estudiar con música y audífonos,No uso ninguna estrategia,"No, escucho lo mismo que siempre",Busco música nueva para mantenerme motivado/a,Entre 5 y 15 minutos,No noto ninguna diferencia en mi percepción del tiempo.,"La escucho mientras sigo trabajando, pero con menor intensidad","A veces, solo cuando me cuesta mucho trabajo iniciar la tarea"
5/12/2026 18:49:55,Menor de 18 años,Femenino,Bachillerato o equivalente,De 1 a 2 horas,Casi siempre,A veces,Si,Materias Creativas,Sí,Me hace sentir más cómodo,Con audífonos,Silencio absoluto,Sí,Tareas fáciles,A veces,Casi siempre,Calma,Fácil,No,Si,Un poco,Medio,No cambia,Ejercicios prácticos / Matemáticas / Programación,Pop / Urbano,"Sí, en un idioma que entiendo",3,3,3,Estudiar en silencio,Uso aplicaciones para bloquear redes sociales,"Si, elijo música más movida",Busco música nueva para mantenerme motivado/a,Más de 15 minutos (a veces procrastino eligiendo la música),Siento que el tiempo pasa más rápido.,La ignoro y mantengo la concentración en la tarea,"Sí, ponerme los audífonos o la música es lo que le indica a mi cerebro que es hora de trabajar"
5/12/2026 19:31:50,19-23 años,Masculino,Licenciatura,De 1 a 2 horas,Siempre,A veces,Más o menos,Materias Teóricas,No sé,Me hace sentir más cómodo,Con audífonos,Silencio absoluto,No,Tareas difíciles,No,Casi nunca,Concentración,Media,No hay diferencia,No,Un poco,Depende,No cambia,"Lectura / Memorización, Redacción de textos, Diseño / Creatividad",Tipo variable de generos,"Sí, en un idioma que entiendo",4,3,4,Estudiar con música y audífonos,No uso ninguna estrategia,"Sí, elijo música más tranquila o instrumental","No uso playlists, elijo canciones una por una",Entre 5 y 15 minutos,Siento que el tiempo pasa más lento.,"Me detengo a escucharla o cantarla, interrumpiendo el estudio.","No, la pongo simplemente para que me acompañe una vez que ya empecé"
5/12/2026 20:14:18,Mayores de 34 años,Masculino,Posgrado,De 1 a 2 horas,Nunca,No,No,Materias Creativas,No,Ninguna,No escucho música,Silencio absoluto,A veces,No pongo música,No,Nunca,Calma,Fácil,No hay diferencia,Si,No influye,Bajo,No cambia,Ninguna,Música Clásica / Instrumental,"No, es puramente instrumental",3,5,5,Estudiar en silencio,No uso ninguna estrategia,No uso música para exámenes,"No uso playlists, elijo canciones una por una",Menos de 5 minutos,No noto ninguna diferencia en mi percepción del tiempo.,La cambio porque sé que me va a distraer,"No, la pongo simplemente para que me acompañe una vez que ya empecé"
5/12/2026 21:28:05,Menor de 18 años,Femenino,Bachillerato o equivalente,Menos de 1 hora,Casi siempre,Si,Si,"Materias Lógicas (Matemáticas, Física)",Sí,Mejora mi rendimiento,Con audífonos,No aplica,Sí,Tareas fáciles,No,Nunca,Concentración,Media,Si,No,Influye mucho,Medio,"Si, mejora","Ejercicios prácticos / Matemáticas / Programación, Diseño / Creatividad","Música Clásica / Instrumental, Lo-Fi / Ambient, Pop / Urbano, Rock / Metal, Electrónica","Sí, en un idioma que entiendo",5,1,5,Estudiar con música y audífonos,Activo el modo concentración / no molestar,"No, escucho lo mismo que siempre",Busco música nueva para mantenerme motivado/a,Menos de 5 minutos,Siento que el tiempo pasa más rápido.,"La escucho mientras sigo trabajando, pero con menor intensidad","No, la pongo simplemente para que me acompañe una vez que ya empecé"
5/12/2026 21:59:35,19-23 años,Femenino,Licenciatura,Más de 2 horas,Casi nunca,No,No,Materias Creativas,No,Ninguna,No escucho música,Conversaciones de fondo,No,Tareas repetitivas,Si,Casi siempre,Motivación,Fácil,No,No,Me distrae,Bajo,"Si, empeora",Diseño / Creatividad,"Música Clásica / Instrumental, Pop / Urbano, Rock / Metal","Sí, en un idioma que entiendo",1,5,2,"Escuchar ruido ambiente (personas, pasillos, etc.)",No escucho música desde el teléfono al estudiar,No uso música para exámenes,"Uso una lista aleatoria recomendada por la plataforma (Spotify, YouTube, etc.)",Menos de 5 minutos,Siento que el tiempo pasa más rápido.,"Me detengo a escucharla o cantarla, interrumpiendo el estudio.","A veces, solo cuando me cuesta mucho trabajo iniciar la tarea"
5/12/2026 23:02:43,19-23 años,Femenino,Licenciatura,De 1 a 2 horas,A veces,No,Si,Materias Creativas,No sé,Me hace sentir más cómodo,Con audífonos,Silencio absoluto,A veces,Tareas repetitivas,A veces,Casi siempre,Motivación,Difícil,No hay diferencia,Si,No influye,Bajo,No cambia,"Ejercicios prácticos / Matemáticas / Programación, Diseño / Creatividad",Pop / Urbano,"Sí, en un idioma que no entiendo",3,2,4,Estudiar en silencio,No escucho música desde el teléfono al estudiar,No uso música para exámenes,"Uso una lista aleatoria recomendada por la plataforma (Spotify, YouTube, etc.)","Nada, uso siempre la misma lista predeterminada",No noto ninguna diferencia en mi percepción del tiempo.,"Me detengo a escucharla o cantarla, interrumpiendo el estudio.","No, la pongo simplemente para que me acompañe una vez que ya empecé"
5/12/2026 23:03:16,Menor de 18 años,Masculino,Bachillerato o equivalente,Menos de 1 hora,Casi siempre,A veces,Más o menos,"Materias Lógicas (Matemáticas, Física)",Sí,Mejora mi rendimiento,Con audífonos,No aplica,No,Tareas difíciles,No,Algunas veces,Energía,Media,No hay diferencia,Depende,Un poco,Depende,"Si, mejora","Lectura / Memorización, Ejercicios prácticos / Matemáticas / Programación, Diseño / Creatividad","Pop / Urbano, ","Sí, en un idioma que entiendo",4,3,5,Estudiar con música y audífonos,No uso ninguna estrategia,"No, escucho lo mismo que siempre","Uso una lista aleatoria recomendada por la plataforma (Spotify, YouTube, etc.)",Entre 5 y 15 minutos,No noto ninguna diferencia en mi percepción del tiempo.,La ignoro y mantengo la concentración en la tarea,"Sí, ponerme los audífonos o la música es lo que le indica a mi cerebro que es hora de trabajar"
5/13/2026 1:40:45,24-28 años,Femenino,Licenciatura,De 1 a 2 horas,A veces,A veces,No,Materias Creativas,Sí,Ambas,Con audífonos,No aplica,Sí,Tareas fáciles,No,Algunas veces,Motivación,Media,Si,Si,Un poco,Medio,No cambia,"Lectura / Memorización, Ejercicios prácticos / Matemáticas / Programación, Redacción de textos, Diseño / Creatividad",Kpop,"Sí, en un idioma que no entiendo",4,5,5,Estudiar con música y audífonos,Desactivo datos o Wi-Fi,No uso música para exámenes,Busco una que ya conozco para no distraerme con canciones nuevas,"Nada, uso siempre la misma lista predeterminada",Siento que el tiempo pasa más rápido.,"La escucho mientras sigo trabajando, pero con menor intensidad","Sí, ponerme los audífonos o la música es lo que le indica a mi cerebro que es hora de trabajar"
5/13/2026 7:31:30,19-23 años,Masculino,Licenciatura,De 1 a 2 horas,Nunca,No,No,Materias Prácticas,Sí,Ninguna,No escucho música,Silencio absoluto,No,No pongo música,No,Siempre,Calma,Fácil,No,Si,Me distrae,Depende,No cambia,Diseño / Creatividad,Pop / Urbano,"Sí, en un idioma que entiendo",1,5,2,Estudiar en silencio,Activo el modo concentración / no molestar,No uso música para exámenes,"Uso una lista aleatoria recomendada por la plataforma (Spotify, YouTube, etc.)","Nada, uso siempre la misma lista predeterminada",No noto ninguna diferencia en mi percepción del tiempo.,La cambio porque sé que me va a distraer,"A veces, solo cuando me cuesta mucho trabajo iniciar la tarea"
5/13/2026 7:45:44,Menor de 18 años,Masculino,Licenciatura,Más de 2 horas,Siempre,No,No,Materias Teóricas,Sí,Mejora mi rendimiento,Sin audífonos,"Ruido blanco, Conversaciones de fondo",Sí,Tareas difíciles,Si,Nunca,Motivación,Difícil,Si,Si,Un poco,Medio,"Si, mejora",Lectura / Memorización,"Música Clásica / Instrumental, Soundtracks (Videojuegos/Películas), Pop / Urbano","No, es puramente instrumental",3,4,4,"Escuchar ruido ambiente (personas, pasillos, etc.)",Desactivo datos o Wi-Fi,"Sí, dejo de usar música para concentrarme más",Busco una que ya conozco para no distraerme con canciones nuevas,Entre 5 y 15 minutos,Siento que el tiempo pasa más lento.,"Me detengo a escucharla o cantarla, interrumpiendo el estudio.","No, la pongo simplemente para que me acompañe una vez que ya empecé"
5/13/2026 7:54:24,Menor de 18 años,Masculino,Bachillerato o equivalente,De 1 a 2 horas,A veces,A veces,Si,Materias Teóricas,Sí,Me hace sentir más cómodo,Con audífonos,Silencio absoluto,No,Tareas repetitivas,A veces,Casi siempre,Energía,Media,No hay diferencia,Si,Influye mucho,Medio,No cambia,"Redacción de textos, Diseño / Creatividad","Soundtracks (Videojuegos/Películas), Rock / Metal","Sí, en un idioma que entiendo",4,4,3,Estudiar en silencio,No uso ninguna estrategia,"Sí, dejo de usar música para concentrarme más",Busco una que ya conozco para no distraerme con canciones nuevas,Más de 15 minutos (a veces procrastino eligiendo la música),Siento que el tiempo pasa más rápido.,"La escucho mientras sigo trabajando, pero con menor intensidad","A veces, solo cuando me cuesta mucho trabajo iniciar la tarea"
5/13/2026 8:14:20,19-23 años,Femenino,Bachillerato o equivalente,De 1 a 2 horas,A veces,No,Más o menos,Materias Teóricas,No,Me hace sentir más cómodo,Sin audífonos,Conversaciones de fondo,A veces,Tareas difíciles,A veces,Algunas veces,Evitar el silencio,Media,No hay diferencia,No,Un poco,Medio,No cambia,Lectura / Memorización,Lo-Fi / Ambient,"Sí, en un idioma que entiendo",4,2,4,Estudiar con música y audífonos,No escucho música desde el teléfono al estudiar,"No, escucho lo mismo que siempre","Uso una lista aleatoria recomendada por la plataforma (Spotify, YouTube, etc.)",Menos de 5 minutos,No noto ninguna diferencia en mi percepción del tiempo.,"Me detengo a escucharla o cantarla, interrumpiendo el estudio.","A veces, solo cuando me cuesta mucho trabajo iniciar la tarea"
5/13/2026 9:29:10,19-23 años,Femenino,Licenciatura,De 1 a 2 horas,A veces,Si,Si,Materias Teóricas,Sí,Mejora mi rendimiento,Con audífonos,Silencio absoluto,A veces,Tareas repetitivas,Si,Casi nunca,Energía,Media,Si,No,Un poco,Medio,"Si, mejora",Diseño / Creatividad,Pop / Urbano,"Sí, en un idioma que entiendo",5,2,5,Estudiar con música y audífonos,No uso ninguna estrategia,"Si, elijo música más movida",Busco una que ya conozco para no distraerme con canciones nuevas,"Nada, uso siempre la misma lista predeterminada",Siento que el tiempo pasa más rápido.,"La escucho mientras sigo trabajando, pero con menor intensidad","Sí, ponerme los audífonos o la música es lo que le indica a mi cerebro que es hora de trabajar"
5/13/2026 12:41:06,19-23 años,Femenino,Licenciatura,Menos de 1 hora,Casi nunca,A veces,No sé,Materias Teóricas,Sí,Me hace sentir más cómodo,No escucho música,Silencio absoluto,No,Tareas fáciles,Si,Siempre,No escucho música mientras estudió ,Fácil,No hay diferencia,Si,Me distrae,Bajo,No cambia,Diseño / Creatividad,Pop / Urbano,"Sí, en un idioma que entiendo",1,3,1,Estudiar en silencio,No uso ninguna estrategia,No uso música para exámenes,"Uso una lista aleatoria recomendada por la plataforma (Spotify, YouTube, etc.)",Menos de 5 minutos,Siento que el tiempo pasa más rápido.,"Me detengo a escucharla o cantarla, interrumpiendo el estudio.","A veces, solo cuando me cuesta mucho trabajo iniciar la tarea"
5/13/2026 18:31:40,19-23 años,Femenino,Bachillerato o equivalente,Más de 2 horas,Siempre,A veces,Si,Materias Teóricas,Tal vez,Mejora mi rendimiento,Con audífonos,Silencio absoluto,A veces,Tareas repetitivas,No,Algunas veces,Concentración,Fácil,Si,No,Un poco,Medio,"Si, mejora","Lectura / Memorización, Redacción de textos","Música Clásica / Instrumental, Soundtracks (Videojuegos/Películas), Pop / Urbano, Rock / Metal","Sí, en un idioma que entiendo",3,3,4,Estudiar con música y audífonos,Activo el modo concentración / no molestar,"Sí, elijo música más tranquila o instrumental",Busco una que ya conozco para no distraerme con canciones nuevas,Menos de 5 minutos,Siento que el tiempo pasa más lento.,"La escucho mientras sigo trabajando, pero con menor intensidad","Sí, ponerme los audífonos o la música es lo que le indica a mi cerebro que es hora de trabajar"
5/13/2026 19:40:19,19-23 años,Femenino,Bachillerato o equivalente,Más de 2 horas,A veces,A veces,Más o menos,Materias Creativas,Tal vez,Me hace sentir más cómodo,Con audífonos,Silencio absoluto,Sí,Tareas repetitivas,No,Casi siempre,Calma,Fácil,No hay diferencia,Si,Influye mucho,Medio,No cambia,Diseño / Creatividad,Pop / Urbano,"Sí, en un idioma que entiendo",3,4,2,Estudiar en silencio,Activo el modo concentración / no molestar,"Sí, elijo música más tranquila o instrumental",Busco una que ya conozco para no distraerme con canciones nuevas,Menos de 5 minutos,No noto ninguna diferencia en mi percepción del tiempo.,"Me detengo a escucharla o cantarla, interrumpiendo el estudio.","No, la pongo simplemente para que me acompañe una vez que ya empecé"
5/16/2026 17:58:57,Mayores de 34 años,Femenino,Licenciatura,Menos de 1 hora,A veces,No,No sé,Materias Creativas,Sí,Me hace sentir más cómodo,Sin audífonos,No aplica,Sí,Tareas repetitivas,A veces,Algunas veces,Concentración,Media,No,Si,Un poco,Medio,"Si, mejora",Diseño / Creatividad,Pop / Urbano,"Sí, en un idioma que entiendo",3,3,2,Estudiar con música y audífonos,Uso aplicaciones para bloquear redes sociales,"No, escucho lo mismo que siempre",Busco una que ya conozco para no distraerme con canciones nuevas,Menos de 5 minutos,Siento que el tiempo pasa más rápido.,"Me detengo a escucharla o cantarla, interrumpiendo el estudio.","No, la pongo simplemente para que me acompañe una vez que ya empecé"
